,user_id,role,employee_name,supervisor,minDate,maxDate,isInsider
0,AAE0190,Manager,August Armando Evans,Kirby Bo Pollard,01/05/2011,01/12/2009,0
1,AAF0535,Technician,Athena Amelia Foreman,Burke Randall Burnett,01/07/2010,01/12/2009,1
2,AAF0791,Physicist,Aladdin Abraham Foley,Sasha Britanney Quinn,01/05/2011,01/12/2009,0
3,AAL0706,ProductionLineWorker,April Alika Levy,Alan Benjamin Holder,01/05/2011,01/12/2009,0
4,AAM0658,Technician,Abel Adam Morton,Hedwig Regina Livingston,01/10/2010,01/12/2009,1
5,AAN0823,ProductionLineWorker,Anthony Aidan Nixon,Amy Lucy Chen,01/05/2011,01/12/2009,0
6,AAS0442,Technician,Amal Alexander Shelton,Cameron Noel Elliott,01/02/2010,01/12/2009,0
7,AAV0450,ProductionLineWorker,Aspen Amber Vinson,Armando Albert Walter,01/05/2011,01/12/2009,0
8,AAW0353,AssemblySupervisor,Armando Albert Walter,Delilah Iliana Wilkinson,01/05/2011,01/12/2009,0
9,ABC0174,Salesman,Allegra Bree Coffey,Meredith Ainsley Wolf,01/11/2010,01/12/2009,1
10,ABC0253,ElectricalEngineer,Alec Boris Chase,Dylan Tiger Terry,01/05/2011,01/12/2009,0
11,ABH0663,AssemblySupervisor,Alan Benjamin Holder,Delilah Iliana Wilkinson,01/05/2011,01/12/2009,0
12,ABM0845,ProductionLineWorker,Ariel Bertha Murphy,Amy Lucy Chen,01/05/2011,01/12/2009,0
13,ABN0239,SoftwareEngineer,Amaya Britanni Newton,Vance Ira Alston,01/05/2011,01/12/2009,0
14,ACC0042,ITAdmin,Alfonso Colin Cooley,Frances Alisa Wiggins,01/05/2011,01/12/2009,0
15,ACV0812,ComputerProgrammer,Alden Caesar Velez,Sara Gail George,01/05/2011,01/12/2009,0
16,ADC0391,SoftwareEngineer,Axel Donovan Compton,Jocelyn Bree Mccray,01/05/2011,01/12/2009,0
17,ADD0846,ProductionLineWorker,Aretha Dorothy Deleon,Amy Lucy Chen,01/05/2011,01/12/2009,0
18,ADF0397,SoftwareEngineer,Ariana Doris Frazier,Jocelyn Bree Mccray,01/05/2011,01/12/2009,0
19,AES0827,ProductionLineWorker,Addison Edward Snyder,Amy Lucy Chen,01/05/2011,01/12/2009,0
20,AGB0186,Technician,Alfonso Gage Blankenship,Garrett Nicholas Solomon,01/05/2011,01/12/2009,0
21,AGB0643,Technician,Armand Gabriel Brewer,Hedwig Regina Livingston,01/05/2011,01/12/2009,0
22,AHC0142,Engineer,Azalia Halee Cantu,Kimberley Kiona Sosa,01/05/2011,01/12/2009,0
23,AHD0848,ProductionLineWorker,Aladdin Hu Day,Amy Lucy Chen,01/05/2011,01/12/2009,0
24,AHG0634,Technician,Amir Hayden Gray,Hedwig Regina Livingston,01/07/2010,01/12/2009,0
25,AHM0410,SystemsEngineer,Addison Hiram Morrow,Hadassah Riley Baker,01/05/2011,01/12/2009,0
26,AIB0948,ProductionLineWorker,Ariel Ina Barrett,Sandra Beverly Diaz,01/05/2011,01/12/2009,0
27,AIH0675,Scientist,Aline Iris Hurst,Sarah Imelda Juarez,01/05/2011,01/12/2009,0
28,AIM0627,Salesman,Adam Ishmael Mcdaniel,Winter Veda Burks,01/05/2011,01/12/2009,0
29,AIP0394,SoftwareEngineer,Anika Isabella Pennington,Jocelyn Bree Mccray,01/05/2011,01/12/2009,0
30,AIP0982,ManagementTrainer,Althea Ina Palmer,Walter Kaseem Foley,01/05/2011,01/12/2009,0
31,AIS0405,SoftwareEngineer,Amaya Iola Sawyer,Jocelyn Bree Mccray,01/05/2011,01/12/2009,0
32,AJC0840,ProductionLineWorker,Anne Jane Carey,Amy Lucy Chen,01/05/2011,01/12/2009,0
33,AJD0074,AdministrativeAssistant,Alden Jesse Day,Declan Lester Moss,01/05/2011,01/12/2009,0
34,AJF0370,ITAdmin,Arthur John Floyd,Francis Brian Armstrong,01/05/2011,01/12/2009,0
35,AJH0175,Salesman,Aurora Jael Hopkins,Meredith Ainsley Wolf,01/05/2011,01/12/2009,0
36,AJL0462,ProductionLineWorker,Akeem Jerry Lopez,Armando Albert Walter,01/05/2011,01/12/2009,0
37,AJN0607,Salesman,Armand Jasper Nicholson,Winter Veda Burks,01/05/2011,01/12/2009,0
38,AJP0723,ProductionLineWorker,Ann Jolie Potts,Alan Benjamin Holder,01/05/2011,01/12/2009,0
39,AJR0319,Salesman,Arthur Jacob Raymond,Meredith Ainsley Wolf,01/05/2011,01/12/2009,0
40,AJR0932,ComputerProgrammer,Amal Judah Rich,Caleb Mason Ball,01/09/2010,01/12/2009,1
41,AKC0924,Scientist,Amena Karyn Christian,Lillith Adena Matthews,01/05/2011,01/12/2009,0
42,AKF0709,ProductionLineWorker,Amity Kendall Foley,Alan Benjamin Holder,01/05/2011,01/12/2009,0
43,AKH0758,Technician,Adam Kendall Harrell,Blaine Helen Cervantes,01/05/2011,01/12/2009,0
44,AKK0329,Technician,Anastasia Kylan Kaufman,Garrett Nicholas Solomon,01/05/2011,01/12/2009,0
45,AKR0057,AdministrativeAssistant,Aurora Katell Rhodes,Jackson Linus Wilkerson,01/10/2010,01/12/2009,1
46,AKW0167,AdministrativeAssistant,Arsenio Kato Wilder,Meredith Ainsley Wolf,01/05/2011,01/12/2009,0
47,ALB0892,Technician,Arthur Lucian Bonner,Blythe Veda Cooke,01/08/2010,01/12/2009,0
48,ALC0788,AssemblySupervisor,Amy Lucy Chen,Delilah Iliana Wilkinson,01/05/2011,01/12/2009,0
49,ALD0529,Technician,Alma Leila Duncan,Burke Randall Burnett,01/05/2011,01/12/2009,0
50,ALD0544,Mathematician,Ayanna Leandra Dunlap,Honorato Ivan Wall,01/05/2011,01/12/2009,0
51,ALH0402,SoftwareEngineer,Adena Lisandra Hardin,Jocelyn Bree Mccray,01/05/2011,01/12/2009,0
52,AMD0077,ChiefEngineer,Ainsley MacKensie Doyle,Declan Lester Moss,01/05/2011,01/12/2009,0
53,AMH0464,ProductionLineWorker,Alfreda Morgan Holloway,Armando Albert Walter,01/05/2011,01/12/2009,0
54,AMH0794,Physicist,Ali Murphy Hurley,Sasha Britanney Quinn,01/05/2011,01/12/2009,0
55,AMJ0297,ProductionLineWorker,Albert Mohammad Joseph,Shannon Chantale Price,01/05/2011,01/12/2009,0
56,AMM0014,Director,Alec Mannix Mcneil,Halla Cathleen Simmons,01/05/2011,01/12/2009,0
57,AMR0318,Salesman,Axel Malik Rosa,Meredith Ainsley Wolf,01/05/2011,01/12/2009,0
58,AMR0400,SoftwareEngineer,Aurelia Martina Reese,Jocelyn Bree Mccray,01/05/2011,01/12/2009,0
59,AMV0036,SecurityGuard,Aquila Mark Vega,Clinton Coby Wolfe,01/05/2011,01/12/2009,0
60,AMW0392,ComputerScientist,Alea Maggie Whitfield,Jocelyn Bree Mccray,01/05/2011,01/12/2009,0
61,ANM0123,AdministrativeAssistant,Astra Nicole Maldonado,Fritz Dale Ellison,01/01/2010,01/12/2009,0
62,ANP0555,Mathematician,Alexa Nadine Poole,Honorato Ivan Wall,01/05/2011,01/12/2009,0
63,ANT0430,TestEngineer,Amaya Noelle Terrell,Cameron Noel Elliott,01/05/2011,01/12/2009,0
64,AOB0019,HumanResourceSpecialist,Azalia Orli Beach,Bethany Xerxes Johnson,01/05/2011,01/12/2009,0
65,AOK0844,ProductionLineWorker,Armand Odysseus Key,Amy Lucy Chen,01/12/2010,01/12/2009,0
66,AOS0987,HealthSafetyEngineer,Alice Orli Stout,Wesley Kasper Duffy,01/05/2011,01/12/2009,0
67,APG0307,ProductionLineWorker,Aaron Porter Gutierrez,Shannon Chantale Price,01/05/2011,01/12/2009,0
68,AQD0820,SoftwareEngineer,Akeem Quamar Davenport,Sara Gail George,01/05/2011,01/12/2009,0
69,ARA0252,MechanicalEngineer,Alexander Rafael Arnold,Harper Price Harris,01/05/2011,01/12/2009,0
70,ARB0834,ProductionLineWorker,Amelia Rhoda Burgess,Amy Lucy Chen,01/09/2010,01/12/2009,0
71,ARB0881,Technician,Abel Reese Boone,Blythe Veda Cooke,01/05/2011,01/12/2009,0
72,ARD0509,Technician,Abdul Ralph Deleon,Burke Randall Burnett,01/05/2011,01/12/2009,0
73,ARL0034,SecurityGuard,August Ronan Lucas,Clinton Coby Wolfe,01/05/2011,01/12/2009,0
74,ASB0796,Mathematician,Ayanna Sylvia Blankenship,Sasha Britanney Quinn,01/12/2010,01/12/2009,0
75,ASD0577,ProductionLineWorker,Aquila Stewart Dejesus,Whilemina Pandora England,01/05/2011,01/12/2009,0
76,ASG0048,AdministrativeAssistant,Alec Scott Goff,Kai Wynne Craft,01/05/2011,01/12/2009,0
77,ASG0692,ComputerScientist,Anastasia Sage Griffith,Aurora Tatiana Payne,01/05/2011,01/12/2009,0
78,ASL0378,Scientist,Axel Seth Lewis,Kim Dara Sullivan,01/05/2011,01/12/2009,0
79,ASM0575,ProductionLineWorker,Aurora Sarah Manning,Whilemina Pandora England,01/05/2011,01/12/2009,0
80,ASS0206,SecurityGuard,Ashely Sarah Shields,Clinton Coby Wolfe,01/05/2011,01/12/2009,0
81,ASS0517,Technician,Alfreda Sierra Savage,Burke Randall Burnett,01/05/2011,01/12/2009,0
82,ASV0946,ProductionLineWorker,Alice Sierra Valenzuela,Sandra Beverly Diaz,01/05/2011,01/12/2009,0
83,ATE0869,Salesman,Aquila Tanner Ellison,Hashim Damon Dudley,01/05/2011,01/12/2009,0
84,ATF0274,HardwareEngineer,Alea Tana Ferrell,Gage Kaden Odonnell,01/05/2011,01/12/2009,0
85,ATP0662,Manager,Aurora Tatiana Payne,Todd Vance Spears,01/05/2011,01/12/2009,0
86,AVM0947,ProductionLineWorker,Ayanna Vivian Murray,Sandra Beverly Diaz,01/05/2011,01/12/2009,0
87,AWM0764,Technician,Akeem William Mayer,Blaine Helen Cervantes,01/05/2011,01/12/2009,0
88,BAH0875,Salesman,Brianna Aretha Hopper,Hashim Damon Dudley,01/05/2011,01/12/2009,0
89,BAJ0654,Technician,Brock Aladdin Joyce,Hedwig Regina Livingston,01/05/2011,01/12/2009,0
90,BAK0964,ProductionLineWorker,Beatrice Alexis Kidd,Sandra Beverly Diaz,01/05/2011,01/12/2009,0
91,BAL0044,ITAdmin,Byron Armand Livingston,Frances Alisa Wiggins,01/05/2011,01/12/2009,0
92,BAM0611,Salesman,Brielle Aubrey Marks,Winter Veda Burks,01/05/2011,01/12/2009,0
93,BAM0636,Technician,Brenda Alika Matthews,Hedwig Regina Livingston,01/05/2011,01/12/2009,0
94,BBG0325,Salesman,Blair Bruno Grimes,Meredith Ainsley Wolf,01/05/2011,01/12/2009,0
95,BBH0810,ComputerProgrammer,Bruno Beau Hoover,Sara Gail George,01/05/2011,01/12/2009,0
96,BBS0039,ITAdmin,Bevis Brady Sheppard,Frances Alisa Wiggins,01/07/2010,01/12/2009,1
97,BBS0422,ElectricalEngineer,Buckminster Benjamin Swanson,Hadassah Riley Baker,01/05/2011,01/12/2009,0
98,BCB0679,Mathematician,Buckminster Connor Bush,Sarah Imelda Juarez,01/01/2011,01/12/2009,0
99,BCM0653,Technician,Bevis Christopher Mcknight,Hedwig Regina Livingston,01/05/2011,01/12/2009,0
100,BCR0581,ProductionLineWorker,Bruno Carter Robles,Whilemina Pandora England,01/05/2011,01/12/2009,0
101,BDB0453,ProductionLineWorker,Brett Damian Beck,Armando Albert Walter,01/05/2011,01/12/2009,0
102,BDI0533,Technician,Bruno Donovan Ingram,Burke Randall Burnett,01/05/2011,01/12/2009,0
103,BDV0168,Salesman,Blair Deborah Vaughn,Meredith Ainsley Wolf,01/07/2010,01/12/2009,1
104,BEC0505,Salesman,Bruce Eden Clemons,Bert Jason Henderson,01/05/2011,01/12/2009,0
105,BEH0615,Salesman,Barclay Eaton Hensley,Winter Veda Burks,01/05/2011,01/12/2009,0
106,BER0314,Salesman,Bianca Elizabeth Roach,Meredith Ainsley Wolf,01/05/2011,01/12/2009,0
107,BHC0665,FieldServiceEngineer,Blaine Helen Cervantes,Sharon Britanni Kerr,01/05/2011,01/12/2009,0
108,BHW0458,ProductionLineWorker,Beau Hall Watts,Armando Albert Walter,01/05/2011,01/12/2009,0
109,BIH0745,Salesman,Benjamin Ignatius Hooper,Lysandra Chastity Brennan,01/06/2010,01/12/2009,1
110,BIS0247,MechanicalEngineer,Bryar Ivana Sweet,Harper Price Harris,01/05/2011,01/12/2009,0
111,BJH0354,Manager,Bert Jason Henderson,Donovan Carlos Chapman,01/05/2011,01/12/2009,0
112,BJH0811,ComputerProgrammer,Blaze Jakeem Hahn,Sara Gail George,01/05/2011,01/12/2009,0
113,BJM0111,Technician,Bell Jorden Martinez,Rose Hanae Yates,01/05/2011,01/12/2009,0
114,BJP0134,ProductionLineWorker,Beck John Peters,Shannon Chantale Price,01/05/2011,01/12/2009,0
115,BJW0619,Salesman,Blaine Jelani Weeks,Winter Veda Burks,01/05/2011,01/12/2009,0
116,BKW0374,ITAdmin,Blossom Keiko Weiss,Francis Brian Armstrong,01/05/2011,01/12/2009,0
117,BLB0114,MechanicalEngineer,Brent Laith Beck,Rose Hanae Yates,01/05/2011,01/12/2009,0
118,BLL0929,ComputerScientist,Bethany Lydia Lyons,Caleb Mason Ball,01/05/2011,01/12/2009,0
119,BLS0678,Mathematician,Benjamin Lewis Sweeney,Sarah Imelda Juarez,01/09/2010,01/12/2009,1
120,BMC0547,Physicist,Britanni Marah Cash,Honorato Ivan Wall,01/05/2011,01/12/2009,0
121,BMG0917,Physicist,Beverly Melissa Garner,Lillith Adena Matthews,01/05/2011,01/12/2009,0
122,BMM0112,Technician,Barry Martin Mason,Rose Hanae Yates,01/05/2011,01/12/2009,0
123,BMS0877,Salesman,Brynn Madeline Sherman,Hashim Damon Dudley,01/05/2010,01/12/2009,0
124,BMT0528,Technician,Brittany Mona Terry,Burke Randall Burnett,01/05/2011,01/12/2009,0
125,BNG0237,SoftwareEngineer,Brian Nathaniel Greer,Vance Ira Alston,01/05/2011,01/12/2009,0
126,BNR0965,ProductionLineWorker,Basia Nevada Riggs,Sandra Beverly Diaz,01/05/2011,01/12/2009,0
127,BQS0525,Technician,Britanney Quail Snyder,Burke Randall Burnett,01/01/2010,01/12/2009,0
128,BRB0355,FieldServiceEngineer,Burke Randall Burnett,Sharon Britanni Kerr,01/05/2011,01/12/2009,0
129,BRM0995,IndustrialEngineer,Brianna Rebecca Mcintyre,Grant Tyrone Doyle,01/05/2011,01/12/2009,0
130,BRS0734,Salesman,Burke Rooney Stafford,Lysandra Chastity Brennan,01/04/2010,01/12/2009,0
131,BSA0431,TestEngineer,Blossom Scarlett Aguirre,Cameron Noel Elliott,01/05/2011,01/12/2009,0
132,BSB0990,SoftwareEngineer,Bruce Sawyer Barrera,Todd Vance Spears,01/05/2011,01/12/2009,0
133,BSH0445,TestEngineer,Bethany Stephanie Haynes,Cameron Noel Elliott,01/05/2011,01/12/2009,0
134,BSS0369,ITAdmin,Brenden Samuel Shaffer,Francis Brian Armstrong,01/09/2010,01/12/2009,1
135,BSS0463,ProductionLineWorker,Bruno Stewart Silva,Armando Albert Walter,01/05/2011,01/12/2009,0
136,BTL0226,Physicist,Bernard Tobias Landry,Jackson Linus Wilkerson,01/10/2010,01/12/2009,1
137,BTL0722,ProductionLineWorker,Blair Todd Long,Alan Benjamin Holder,01/05/2011,01/12/2009,0
138,BTN0061,Scientist,Benjamin Tyrone Norman,Jackson Linus Wilkerson,01/05/2011,01/12/2009,0
139,BTR0403,ComputerScientist,Beck Troy Richards,Jocelyn Bree Mccray,01/05/2011,01/12/2009,0
140,BTS0011,Director,Blaze Trevor Stone,Halla Cathleen Simmons,01/05/2011,01/12/2009,0
141,BTW0005,VicePresident,Byron Tyrone Williamson,Mona Susan Shannon,01/05/2011,01/12/2009,0
142,BVC0790,FieldServiceEngineer,Blythe Veda Cooke,Sharon Britanni Kerr,01/05/2011,01/12/2009,0
143,BVN0514,Technician,Buffy Vivien Nichols,Burke Randall Burnett,01/05/2010,01/12/2009,0
144,BWH0813,ComputerScientist,Brock William Hunter,Sara Gail George,01/05/2011,01/12/2009,0
145,BWP0202,Attorney,Baxter William Price,Whoopi Britanney Camacho,01/05/2011,01/12/2009,0
146,BXJ0010,Director,Bethany Xerxes Johnson,Halla Cathleen Simmons,01/05/2011,01/12/2009,0
147,BYP0070,SoftwareEngineer,Bertha Yetta Parrish,Vance Ira Alston,01/11/2010,01/12/2009,0
148,CAA0612,Salesman,Chelsea Aspen Allen,Winter Veda Burks,01/05/2011,01/12/2009,0
149,CAB0388,Scientist,Cedric Alexander Bowers,Kim Dara Sullivan,01/05/2011,01/12/2009,0
150,CAB0614,Salesman,Cora Aurora Buckner,Winter Veda Burks,01/05/2011,01/12/2009,0
151,CAC0889,Technician,Caesar Allen Cash,Blythe Veda Cooke,01/02/2010,01/12/2009,0
152,CAH0936,ComputerScientist,Constance Audrey Hicks,Caleb Mason Ball,01/08/2010,01/12/2009,1
153,CAM0102,ComputerScientist,Chandler Ashton Madden,Gage Kaden Odonnell,01/05/2011,01/12/2009,0
154,CAM0681,ComputerScientist,Cole Aaron Mcfarland,Aurora Tatiana Payne,01/05/2011,01/12/2009,0
155,CAN0842,ProductionLineWorker,Chadwick Armand Nunez,Amy Lucy Chen,01/05/2011,01/12/2009,0
156,CAS0507,Technician,Carla Amelia Shannon,Burke Randall Burnett,01/05/2011,01/12/2009,0
157,CBB0365,ITAdmin,Cain Byron Baldwin,Francis Brian Armstrong,01/05/2011,01/12/2009,0
158,CBG0398,SoftwareEngineer,Courtney Brynn Garrett,Jocelyn Bree Mccray,01/05/2011,01/12/2009,0
159,CBG0490,Salesman,Callum Brendan Gonzalez,Bert Jason Henderson,01/05/2011,01/12/2009,0
160,CCA0046,ITAdmin,Cyrus Connor Atkinson,Frances Alisa Wiggins,01/09/2010,01/12/2009,1
161,CCC0393,ComputerProgrammer,Chaim Chadwick Chang,Jocelyn Bree Mccray,01/05/2011,01/12/2009,0
162,CCH0182,Technician,Clayton Clark Humphrey,Garrett Nicholas Solomon,01/05/2011,01/12/2009,0
163,CCH0685,ComputerScientist,Cora Clementine Higgins,Aurora Tatiana Payne,01/05/2011,01/12/2009,0
164,CCL0068,ComputerScientist,Camilla Camille Leach,Vance Ira Alston,01/01/2011,01/12/2009,1
165,CCM0136,ProductionLineWorker,Cailin Casey Mckee,Shannon Chantale Price,01/05/2011,01/12/2009,0
166,CCM0467,ProductionLineWorker,Chester Caldwell Mendoza,Armando Albert Walter,01/05/2011,01/12/2009,0
167,CCM0855,Salesman,Chanda Celeste Mosley,Hashim Damon Dudley,01/05/2011,01/12/2009,0
168,CCR0863,Salesman,Charde Cynthia Rasmussen,Hashim Damon Dudley,01/05/2011,01/12/2009,0
169,CCW0031,Manager,Clinton Coby Wolfe,Fatima Ulla Mcclure,01/05/2011,01/12/2009,0
170,CCW0524,Technician,Camilla Claire Whitehead,Burke Randall Burnett,01/05/2011,01/12/2009,0
171,CEB0210,SecurityGuard,Colin Evan Brown,Clinton Coby Wolfe,01/05/2011,01/12/2009,0
172,CEJ0109,TestEngineer,Casey Edward Joyce,Rose Hanae Yates,01/03/2011,01/12/2009,1
173,CEL0561,ComputerProgrammer,Calvin Edan Love,Stephanie Briar Harrington,01/05/2011,01/12/2009,0
174,CFG0959,ProductionLineWorker,Cassidy Florence Gibbs,Sandra Beverly Diaz,01/05/2011,01/12/2009,0
175,CFM0767,Technician,Cecilia Freya Morgan,Blaine Helen Cervantes,01/05/2011,01/12/2009,0
176,CFW0264,MaterialsEngineer,Carl Ferdinand Wong,Ainsley MacKensie Doyle,01/02/2010,01/12/2009,0
177,CGA0629,Salesman,Cullen Gary Adams,Winter Veda Burks,01/05/2011,01/12/2009,0
178,CGB0637,Technician,Claudia Galena Baldwin,Hedwig Regina Livingston,01/05/2011,01/12/2009,0
179,CGF0337,Technician,Chaim Grant Fernandez,Garrett Nicholas Solomon,01/05/2011,01/12/2009,0
180,CHG0146,Manager,Cedric Herrod Gilliam,Thomas Vladimir Stokes,01/05/2011,01/12/2009,0
181,CHM0821,ProductionLineWorker,Carter Harrison Maldonado,Amy Lucy Chen,01/05/2011,01/12/2009,0
182,CIG0052,AdministrativeAssistant,Chastity Ima Gibson,Summer Leilani Boyer,01/05/2011,01/12/2009,0
183,CIM0271,ComputerScientist,Colt Ishmael Mccall,Gage Kaden Odonnell,01/05/2011,01/12/2009,0
184,CIM0926,Scientist,Caldwell Ian Maxwell,Lillith Adena Matthews,01/10/2010,01/12/2009,0
185,CJC0494,Salesman,Caleb Jonas Chang,Bert Jason Henderson,01/05/2011,01/12/2009,0
186,CJF0802,Mathematician,Camille Julie Freeman,Sasha Britanney Quinn,01/05/2011,01/12/2009,0
187,CJG0470,ProductionLineWorker,Callum Jasper Gilmore,Armando Albert Walter,01/05/2011,01/12/2009,0
188,CJH0702,ProductionLineWorker,Calvin Jarrod Hood,Alan Benjamin Holder,01/05/2011,01/12/2009,0
189,CJK0200,PurchasingClerk,Cora Jane Kinney,Eugenia Whilemina Harrington,01/05/2011,01/12/2009,0
190,CJM0138,ProductionLineWorker,Colorado Joel Merrill,Shannon Chantale Price,01/05/2011,01/12/2009,0
191,CJM0521,Technician,Cleo Jeanette Morales,Burke Randall Burnett,01/05/2011,01/12/2009,0
192,CJP0952,ProductionLineWorker,Cody Jonathan Potter,Sandra Beverly Diaz,01/05/2011,01/12/2009,0
193,CJV0286,Technician,Colorado John Valentine,Rose Hanae Yates,01/05/2011,01/12/2009,0
194,CKB0427,TestEngineer,Cathleen Kelsey Burke,Cameron Noel Elliott,01/05/2011,01/12/2009,0
195,CKB0482,Salesman,Colton Kaseem Bolton,Bert Jason Henderson,01/05/2011,01/12/2009,0
196,CKD0680,Scientist,Cheyenne Kay Dickerson,Sarah Imelda Juarez,01/05/2011,01/12/2009,0
197,CKH0144,Engineer,Chloe Keiko Holland,Kimberley Kiona Sosa,01/05/2011,01/12/2009,0
198,CKP0721,ProductionLineWorker,Colt Kendall Perez,Alan Benjamin Holder,01/05/2011,01/12/2009,0
199,CLB0774,Technician,Charde Lareina Barrett,Blaine Helen Cervantes,01/05/2011,01/12/2009,0
200,CLD0894,Technician,Cheyenne Lesley Dominguez,Blythe Veda Cooke,01/05/2011,01/12/2009,0
201,CLF0852,Salesman,Candice Lunea Fischer,Hashim Damon Dudley,01/05/2011,01/12/2009,0
202,CLH0703,ProductionLineWorker,Colin Lawrence Holder,Alan Benjamin Holder,01/05/2011,01/12/2009,0
203,CLS0296,ProductionLineWorker,Chiquita Linda Stokes,Shannon Chantale Price,01/05/2011,01/12/2009,0
204,CMB0912,Manager,Caleb Mason Ball,Todd Vance Spears,01/05/2011,01/12/2009,0
205,CMM0487,Salesman,Cora Maisie Mclean,Bert Jason Henderson,01/05/2011,01/12/2009,0
206,CMS0454,ProductionLineWorker,Cameran Madonna Shepard,Armando Albert Walter,01/05/2011,01/12/2009,0
207,CMW0783,Technician,Castor Mark Wolf,Blaine Helen Cervantes,01/05/2011,01/12/2009,0
208,CNB0900,Technician,Colton Nathan Barber,Blythe Veda Cooke,01/05/2011,01/12/2009,0
209,CNE0352,ChiefEngineer,Cameron Noel Elliott,Declan Lester Moss,01/05/2011,01/12/2009,0
210,CNM0800,Scientist,Charissa Nyssa Mcgee,Sasha Britanney Quinn,01/05/2011,01/12/2009,0
211,COF0120,AdministrativeAssistant,Clio Ocean Faulkner,Grant Tyrone Doyle,01/12/2010,01/12/2009,0
212,COM0321,Salesman,Claire Olivia Martin,Meredith Ainsley Wolf,01/05/2011,01/12/2009,0
213,CPG0322,Salesman,Connor Phelan Guerra,Meredith Ainsley Wolf,01/05/2011,01/12/2009,0
214,CQH0701,ProductionLineWorker,Caldwell Quamar Head,Alan Benjamin Holder,01/05/2011,01/12/2009,0
215,CQH0730,Salesman,Cassady Quincy Hampton,Lysandra Chastity Brennan,01/05/2011,01/12/2009,0
216,CQW0652,Technician,Chastity Quyn Wilkerson,Hedwig Regina Livingston,01/03/2011,01/12/2009,1
217,CRD0624,Salesman,Christine Reagan Deleon,Winter Veda Burks,01/02/2010,01/12/2009,0
218,CRK0916,Physicist,Chandler Raymond Kirk,Lillith Adena Matthews,01/05/2011,01/12/2009,0
219,CRO0027,HealthSafetyEngineer,Cathleen Risa Oneal,Wesley Kasper Duffy,01/05/2011,01/12/2009,0
220,CRP0456,ProductionLineWorker,Cade Rajah Patterson,Armando Albert Walter,01/05/2011,01/12/2009,0
221,CSB0080,AdministrativeAssistant,Catherine Savannah Bullock,Harper Price Harris,01/05/2011,01/12/2009,0
222,CSC0217,ITAdmin,Cathleen Samantha Craig,Frances Alisa Wiggins,01/05/2010,01/12/2009,1
223,CSH0626,Salesman,Colin Stuart Holloway,Winter Veda Burks,01/05/2011,01/12/2009,0
224,CSJ0340,Technician,Charity Stacey Jennings,Garrett Nicholas Solomon,01/05/2011,01/12/2009,0
225,CSL0949,ProductionLineWorker,Cameron Shay Lester,Sandra Beverly Diaz,01/05/2011,01/12/2009,0
226,CSP0197,PurchasingClerk,Callum Scott Parrish,August Armando Evans,01/05/2011,01/12/2009,0
227,CTA0020,HumanResourceSpecialist,Curran Tarik Ayala,Bethany Xerxes Johnson,01/05/2011,01/12/2009,0
228,CTR0341,Technician,Cairo Theodore Robles,Garrett Nicholas Solomon,01/05/2011,01/12/2009,0
229,CTR0697,ProductionLineWorker,Cherokee Tashya Ramirez,Alan Benjamin Holder,01/05/2011,01/12/2009,0
230,CTW0500,Salesman,Chanda Tamekah William,Bert Jason Henderson,01/05/2011,01/12/2009,0
231,CUD0795,Physicist,Charity Uta Daniels,Sasha Britanney Quinn,01/05/2011,01/12/2009,0
232,CWB0065,ComputerScientist,Chadwick Wayne Bond,Todd Vance Spears,01/05/2011,01/12/2009,0
233,CWR0502,Salesman,Colt Walter Reynolds,Bert Jason Henderson,01/05/2011,01/12/2009,0
234,CXC0336,Technician,Casey Xerxes Conrad,Garrett Nicholas Solomon,01/05/2011,01/12/2009,0
235,CYA0506,Technician,Cecilia Yuri Ashley,Burke Randall Burnett,01/04/2010,01/12/2009,0
236,DAG0558,ComputerProgrammer,Deirdre Amaya Garcia,Stephanie Briar Harrington,01/05/2011,01/12/2009,0
237,DAL0673,Physicist,Demetrius Alvin Levy,Sarah Imelda Juarez,01/05/2011,01/12/2009,0
238,DAR0885,Technician,Devin Abdul Rogers,Blythe Veda Cooke,01/01/2010,01/12/2009,0
239,DBB0384,Scientist,Demetrius Barry Bullock,Kim Dara Sullivan,01/05/2011,01/12/2009,0
240,DBG0261,ElectricalEngineer,Devin Brett Guzman,Dylan Tiger Terry,01/05/2011,01/12/2009,0
241,DBS0235,Scientist,Dale Benjamin Sharpe,Jackson Linus Wilkerson,01/05/2011,01/12/2009,0
242,DBW0483,Salesman,Deborah Barbara White,Bert Jason Henderson,01/05/2011,01/12/2009,0
243,DCC0160,Director,Donovan Carlos Chapman,Hyatt Trevor Hayes,01/05/2011,01/12/2009,0
244,DCH0843,ProductionLineWorker,Dominic Calvin Hewitt,Amy Lucy Chen,01/01/2011,01/12/2009,1
245,DDA0476,Salesman,Dane Davis Atkins,Bert Jason Henderson,01/05/2011,01/12/2009,0
246,DDM0579,ProductionLineWorker,Dale Dorian Mercado,Whilemina Pandora England,01/05/2011,01/12/2009,0
247,DEB0782,Technician,Dakota Edward Brady,Blaine Helen Cervantes,01/05/2011,01/12/2009,0
248,DFH0188,Technician,Dean Flynn Hines,Garrett Nicholas Solomon,01/05/2011,01/12/2009,0
249,DFR0218,ITAdmin,Daria Felicia Rowland,Frances Alisa Wiggins,01/05/2011,01/12/2009,0
250,DGF0443,MechanicalEngineer,Dustin Gage Franco,Cameron Noel Elliott,01/05/2011,01/12/2009,0
251,DGM0754,Salesman,Declan Gareth Mclaughlin,Lysandra Chastity Brennan,01/01/2010,01/12/2009,0
252,DGN0480,Salesman,Donovan Garth Nieves,Bert Jason Henderson,01/03/2011,01/12/2009,0
253,DGW0752,Salesman,Dennis Gray Wilson,Lysandra Chastity Brennan,01/05/2011,01/12/2009,0
254,DHM0937,ComputerProgrammer,Dominic Howard Mcconnell,Caleb Mason Ball,01/05/2011,01/12/2009,0
255,DIB0081,MechanicalEngineer,Drew Ivan Beck,Harper Price Harris,01/07/2010,01/12/2009,0
256,DIB0285,ElectricalEngineer,Deanna Imelda Blanchard,Rose Hanae Yates,01/08/2010,01/12/2009,1
257,DIC0988,NursePractitioner,Dolan Igor Cortez,Alec Mannix Mcneil,01/05/2011,01/12/2009,0
258,DID0650,Technician,Denise Ifeoma Doyle,Hedwig Regina Livingston,01/05/2011,01/12/2009,0
259,DIW0118,Manager,Delilah Iliana Wilkinson,Byron Tyrone Williamson,01/05/2011,01/12/2009,0
260,DJB0159,Director,Dacey Jorden Bowen,Hyatt Trevor Hayes,01/05/2011,01/12/2009,0
261,DJS0682,SoftwareEngineer,Dexter Jamal Simon,Aurora Tatiana Payne,01/05/2011,01/12/2009,0
262,DKB0631,Technician,Dai Keely Bullock,Hedwig Regina Livingston,01/05/2011,01/12/2009,0
263,DLF0377,Mathematician,Dean Lester Figueroa,Kim Dara Sullivan,01/05/2011,01/12/2009,0
264,DLH0029,NursePractitioner,Diana Leigh Hays,Alec Mannix Mcneil,01/05/2011,01/12/2009,0
265,DLM0051,Director,Declan Lester Moss,Kai Wynne Craft,01/05/2011,01/12/2009,0
266,DLS0383,Scientist,Diana Lillian Solis,Kim Dara Sullivan,01/05/2011,01/12/2009,0
267,DMG0358,ITAdmin,Dorothy Marny Goff,Francis Brian Armstrong,01/05/2011,01/12/2009,0
268,DMK0257,ElectricalEngineer,Desirae Mari Koch,Dylan Tiger Terry,01/05/2011,01/12/2009,0
269,DMM0623,Salesman,Doris Mona Michael,Winter Veda Burks,01/05/2011,01/12/2009,0
270,DOL0332,Technician,Damian Omar Le,Garrett Nicholas Solomon,01/05/2011,01/12/2009,0
271,DOP0562,ComputerProgrammer,Daryl Ocean Patel,Stephanie Briar Harrington,01/05/2011,01/12/2009,0
272,DPM0423,HardwareEngineer,Dalton Perry Mejia,Hadassah Riley Baker,01/05/2011,01/12/2009,0
273,DPS0262,ElectricalEngineer,Delilah Pearl Schneider,Dylan Tiger Terry,01/05/2010,01/12/2009,0
274,DRR0162,AdministrativeAssistant,Dante Raja Roberts,Dacey Jorden Bowen,01/12/2010,01/12/2009,1
275,DRR0242,ComputerProgrammer,Daphne Ruby Reilly,Vance Ira Alston,01/05/2011,01/12/2009,0
276,DSB0731,Salesman,Daryl Skyler Brock,Lysandra Chastity Brennan,01/05/2011,01/12/2009,0
277,DSM0591,ProductionLineWorker,Daria Samantha Mcbride,Whilemina Pandora England,01/05/2011,01/12/2009,0
278,DTP0379,Physicist,Daquan Tucker Pugh,Kim Dara Sullivan,01/05/2011,01/12/2009,0
279,DTT0076,ChiefEngineer,Dylan Tiger Terry,Declan Lester Moss,01/05/2011,01/12/2009,0
280,DVM0265,MaterialsEngineer,Deborah Victoria Mcclure,Ainsley MacKensie Doyle,01/05/2011,01/12/2009,0
281,DVW0103,SystemsEngineer,Dante Vaughan Weber,Gage Kaden Odonnell,01/05/2011,01/12/2009,0
282,DZC0228,Physicist,Declan Zachery Caldwell,Jackson Linus Wilkerson,01/05/2011,01/12/2009,0
283,EAH0466,ProductionLineWorker,Ethan Arden Hays,Armando Albert Walter,01/01/2010,01/12/2009,0
284,EBC0390,Scientist,Eaton Burton Crane,Kim Dara Sullivan,01/05/2011,01/12/2009,0
285,ECF0828,ProductionLineWorker,Erasmus Cameron Franco,Amy Lucy Chen,01/09/2010,01/12/2009,0
286,ECL0930,ComputerProgrammer,Edan Ciaran Larson,Caleb Mason Ball,01/05/2011,01/12/2009,0
287,ECR0822,ProductionLineWorker,Ella Cassandra Rivera,Amy Lucy Chen,01/05/2011,01/12/2009,0
288,EDA0684,ComputerProgrammer,Edward Dean Anthony,Aurora Tatiana Payne,01/01/2010,01/12/2009,0
289,EDB0714,ProductionLineWorker,Eden Deborah Ball,Alan Benjamin Holder,01/11/2010,01/12/2009,1
290,EFS0882,Technician,Edward Finn Stokes,Blythe Veda Cooke,01/05/2011,01/12/2009,0
291,EGD0132,ProductionLineWorker,Eric Gray Duncan,Shannon Chantale Price,01/08/2010,01/12/2009,1
292,EGD0409,ElectricalEngineer,Elijah Gary Diaz,Hadassah Riley Baker,01/06/2010,01/12/2009,0
293,EGK0893,Technician,Eagan Gannon Koch,Blythe Veda Cooke,01/05/2011,01/12/2009,0
294,EHB0420,ElectricalEngineer,Erich Harding Bryant,Hadassah Riley Baker,01/05/2011,01/12/2009,0
295,EHB0824,ProductionLineWorker,Eugenia Hannah Blanchard,Amy Lucy Chen,01/07/2010,01/12/2009,1
296,EHD0584,ProductionLineWorker,Ezra Hilel Dyer,Whilemina Pandora England,01/09/2010,01/12/2009,1
297,EHR0096,ComputerScientist,Elaine Hanna Raymond,Gage Kaden Odonnell,01/05/2011,01/12/2009,0
298,EIM0156,Statistician,Eve Isadora Mckenzie,Libby Rosalyn Richard,01/05/2011,01/12/2009,0
299,EIP0997,ElectricalEngineer,Emily Illana Perry,Fritz Dale Ellison,01/05/2011,01/12/2009,0
300,EIS0041,ITAdmin,Emerald Imani Schmidt,Frances Alisa Wiggins,01/05/2011,01/12/2009,0
301,EJW0884,Technician,Elton Jonas Williamson,Blythe Veda Cooke,01/05/2011,01/12/2009,0
302,ELB0847,ProductionLineWorker,Emmanuel Lawrence Briggs,Amy Lucy Chen,01/05/2011,01/12/2009,0
303,ELH0960,ProductionLineWorker,Emerald Lysandra Hodges,Sandra Beverly Diaz,01/05/2011,01/12/2009,0
304,ELT0769,Technician,Echo Leandra Torres,Blaine Helen Cervantes,01/05/2011,01/12/2009,0
305,EMB0531,Technician,Edan Marsden Briggs,Burke Randall Burnett,01/05/2011,01/12/2009,0
306,EMS0317,Salesman,Eden Merrill Stokes,Meredith Ainsley Wolf,01/05/2011,01/12/2009,0
307,EMW0105,AdministrativeAssistant,Erich Malik Wolf,Rose Hanae Yates,01/05/2011,01/12/2009,0
308,EMW0772,Technician,Elvis Marshall Walton,Blaine Helen Cervantes,01/05/2011,01/12/2009,0
309,ENC0234,Physicist,Evelyn Nevada Curtis,Jackson Linus Wilkerson,01/12/2010,01/12/2009,0
310,ENL0100,ElectricalEngineer,Ella Nita Lewis,Gage Kaden Odonnell,01/05/2011,01/12/2009,0
311,EPW0434,TestEngineer,Ethan Perry Wiggins,Cameron Noel Elliott,01/05/2011,01/12/2009,0
312,ERH0449,ProductionLineWorker,Ella Rachel Hess,Armando Albert Walter,01/05/2011,01/12/2009,0
313,ESA0642,Technician,Eliana Stephanie Albert,Hedwig Regina Livingston,01/05/2011,01/12/2009,0
314,ESH0135,ProductionLineWorker,Elaine Sonya Hughes,Shannon Chantale Price,01/05/2011,01/12/2009,0
315,ESH0283,MechanicalEngineer,Eve Shaeleigh Holman,Rose Hanae Yates,01/05/2011,01/12/2009,0
316,ESJ0670,Scientist,Eaton Samuel Jennings,Sarah Imelda Juarez,01/05/2011,01/12/2009,0
317,ESR0693,ComputerScientist,Evelyn Sarah Reilly,Aurora Tatiana Payne,01/07/2010,01/12/2009,0
318,ETR0177,AdministrativeAssistant,Emerson Tyrone Rojas,Sharon Britanni Kerr,01/05/2011,01/12/2009,0
319,ETR0428,TestEngineer,Elton Tyler Richard,Cameron Noel Elliott,01/05/2011,01/12/2009,0
320,EWH0191,Manager,Eugenia Whilemina Harrington,Kirby Bo Pollard,01/05/2011,01/12/2009,0
321,EZH0736,Salesman,Elton Zeus Horton,Lysandra Chastity Brennan,01/05/2011,01/12/2009,0
322,EZT0640,Technician,Eagan Zephania Talley,Hedwig Regina Livingston,01/05/2011,01/12/2009,0
323,FAW0032,Manager,Frances Alisa Wiggins,Fatima Ulla Mcclure,01/05/2011,01/12/2009,0
324,FBA0348,Manager,Francis Brian Armstrong,Fatima Ulla Mcclure,01/05/2011,01/12/2009,0
325,FBW0747,Salesman,Fuller Baker Warner,Lysandra Chastity Brennan,01/05/2011,01/12/2009,0
326,FDE0117,Manager,Fritz Dale Ellison,Byron Tyrone Williamson,01/05/2011,01/12/2009,0
327,FEB0306,ProductionLineWorker,Flynn Edward Brennan,Shannon Chantale Price,01/05/2011,01/12/2009,0
328,FFC0891,Technician,Flavia Fiona Cannon,Blythe Veda Cooke,01/09/2010,01/12/2009,0
329,FGW0853,Salesman,Florence Gloria Whitney,Hashim Damon Dudley,01/05/2011,01/12/2009,0
330,FHO0630,Salesman,Frances Hermione Owens,Winter Veda Burks,01/05/2011,01/12/2009,0
331,FHS0837,ProductionLineWorker,Fallon Harriet Shelton,Amy Lucy Chen,01/05/2011,01/12/2009,0
332,FIR0920,Scientist,Fay Ingrid Rodriquez,Lillith Adena Matthews,01/05/2011,01/12/2009,0
333,FKB0163,Statistician,Francis Kane Buckner,Dacey Jorden Bowen,01/05/2011,01/12/2009,0
334,FKK0055,Scientist,Farrah Kim Keith,Summer Leilani Boyer,01/05/2011,01/12/2009,0
335,FLM0213,SecurityGuard,Fitzgerald Len Merrill,Clinton Coby Wolfe,01/05/2011,01/12/2009,0
336,FMG0527,Technician,Flynn Malcolm Gibson,Burke Randall Burnett,01/12/2010,01/12/2009,1
337,FOB0756,Technician,Ferris Omar Barry,Blaine Helen Cervantes,01/05/2011,01/12/2009,0
338,FPC0954,ProductionLineWorker,Fletcher Perry Cantu,Sandra Beverly Diaz,01/05/2011,01/12/2009,0
339,FQA0854,Salesman,Fulton Quinn Avery,Hashim Damon Dudley,01/05/2011,01/12/2009,0
340,FRB0023,HumanResourceSpecialist,Felicia Rhona Butler,Blaze Trevor Stone,01/05/2011,01/12/2009,0
341,FRL0511,Technician,Ferdinand Rashad Lee,Burke Randall Burnett,01/05/2011,01/12/2009,0
342,FRR0832,ProductionLineWorker,Forrest Rashad Richards,Amy Lucy Chen,01/05/2011,01/12/2009,0
343,FSB0399,SoftwareEngineer,Ferris Stone Bender,Jocelyn Bree Mccray,01/03/2011,01/12/2009,0
344,FSC0601,Salesman,Felicia Sloane Cabrera,Winter Veda Burks,01/02/2011,01/12/2009,1
345,FTM0406,SystemsEngineer,Finn Tucker Medina,Hadassah Riley Baker,01/11/2010,01/12/2009,1
346,FUM0015,Director,Fatima Ulla Mcclure,Halla Cathleen Simmons,01/05/2011,01/12/2009,0
347,FWM0707,ProductionLineWorker,Fitzgerald Wayne Miranda,Alan Benjamin Holder,01/05/2011,01/12/2009,0
348,FXF0957,ProductionLineWorker,Felicia Xantha Farley,Sandra Beverly Diaz,01/05/2011,01/12/2009,0
349,GAF0060,Mathematician,Grace Alma Fry,Jackson Linus Wilkerson,01/05/2011,01/12/2009,0
350,GAF0570,SoftwareEngineer,Gwendolyn Amaya Ferrell,Stephanie Briar Harrington,01/05/2011,01/12/2009,0
351,GBM0603,Salesman,Galena Britanney Merritt,Winter Veda Burks,01/03/2011,01/12/2009,0
352,GCC0744,Salesman,Grady Craig Coffey,Lysandra Chastity Brennan,01/05/2011,01/12/2009,0
353,GCC0945,ProductionLineWorker,George Cade Chen,Sandra Beverly Diaz,01/05/2011,01/12/2009,0
354,GCG0951,ProductionLineWorker,Grant Camden Gay,Sandra Beverly Diaz,01/05/2011,01/12/2009,0
355,GCL0016,AdministrativeAssistant,Gil Calvin Lindsay,Bethany Xerxes Johnson,01/05/2011,01/12/2009,0
356,GCR0554,Physicist,Grace Charde Roth,Honorato Ivan Wall,01/05/2011,01/12/2009,0
357,GCS0518,Technician,Gregory Curran Sutton,Burke Randall Burnett,01/05/2011,01/12/2009,0
358,GCS0571,ProductionLineWorker,Glenna Caryn Sharpe,Whilemina Pandora England,01/05/2011,01/12/2009,0
359,GDF0704,ProductionLineWorker,Galena Deborah Francis,Alan Benjamin Holder,01/05/2011,01/12/2009,0
360,GHH0288,ProductionLineWorker,Genevieve Hyacinth Head,Shannon Chantale Price,01/05/2011,01/12/2009,0
361,GHL0460,ProductionLineWorker,Geoffrey Harlan Lara,Armando Albert Walter,01/10/2010,01/12/2009,1
362,GJD0298,ProductionLineWorker,Grady Jordan Duran,Shannon Chantale Price,01/05/2011,01/12/2009,0
363,GJT0386,Mathematician,Geoffrey Jin Tucker,Kim Dara Sullivan,01/05/2011,01/12/2009,0
364,GKO0078,ChiefEngineer,Gage Kaden Odonnell,Declan Lester Moss,01/05/2011,01/12/2009,0
365,GLR0975,HumanResourceSpecialist,Garrison Levi Rollins,Bethany Xerxes Johnson,01/05/2011,01/12/2009,0
366,GMF0738,Salesman,Gray Mason Fulton,Lysandra Chastity Brennan,01/05/2011,01/12/2009,0
367,GNS0178,FieldServiceEngineer,Garrett Nicholas Solomon,Sharon Britanni Kerr,01/05/2011,01/12/2009,0
368,GNZ0953,ProductionLineWorker,Graiden Nehru Zimmerman,Sandra Beverly Diaz,01/05/2011,01/12/2009,0
369,GOK0238,ComputerScientist,Garrett Omar Kelly,Vance Ira Alston,01/11/2010,01/12/2009,0
370,GQF0659,Technician,Gisela Quintessa Fischer,Hedwig Regina Livingston,01/05/2011,01/12/2009,0
371,GQP0743,Salesman,Gil Quincy Potter,Lysandra Chastity Brennan,01/05/2011,01/12/2009,0
372,GRC0145,AdministrativeAssistant,Gay Ria Cantu,Thomas Vladimir Stokes,01/05/2011,01/12/2009,0
373,GRM0868,Salesman,Gail Rhiannon Mcconnell,Hashim Damon Dudley,01/05/2011,01/12/2009,0
374,GTD0116,Manager,Grant Tyrone Doyle,Byron Tyrone Williamson,01/05/2011,01/12/2009,0
375,GTD0219,ITAdmin,Gareth Thomas Dickson,Frances Alisa Wiggins,01/05/2010,01/12/2009,1
376,GTD0898,Technician,Guy Tad Daniel,Blythe Veda Cooke,01/05/2011,01/12/2009,0
377,GZB0469,ProductionLineWorker,George Zachery Burch,Armando Albert Walter,01/05/2011,01/12/2009,0
378,GZC0735,Salesman,Guy Zeus Chandler,Lysandra Chastity Brennan,01/05/2011,01/12/2009,0
379,HAC0282,ElectricalEngineer,Hakeem Arden Curry,Rose Hanae Yates,01/05/2011,01/12/2009,0
380,HAD0246,MechanicalEngineer,Holmes Arden Day,Harper Price Harris,01/05/2011,01/12/2009,0
381,HAH0248,MechanicalEngineer,Hector Abraham Hayes,Harper Price Harris,01/05/2011,01/12/2009,0
382,HAH0760,Technician,Hilda Alice Hahn,Blaine Helen Cervantes,01/05/2011,01/12/2009,0
383,HAM0985,TechnicalTrainer,Hillary Ainsley Mccormick,Walter Kaseem Foley,01/05/2011,01/12/2009,0
384,HAV0121,IndustrialEngineer,Hu Akeem Vincent,Grant Tyrone Doyle,01/05/2011,01/12/2009,0
385,HBB0056,Scientist,Hayden Bernard Benson,Summer Leilani Boyer,01/05/2011,01/12/2009,0
386,HBO0413,SystemsEngineer,Harper Basil Obrien,Hadassah Riley Baker,01/03/2011,01/12/2009,1
387,HCC0344,Technician,Hayley Carolyn Cunningham,Garrett Nicholas Solomon,01/05/2011,01/12/2009,0
388,HCL0113,TestEngineer,Hyacinth Clare Lindsay,Rose Hanae Yates,01/05/2011,01/12/2009,0
389,HCL0651,Technician,Heather Cynthia Leonard,Hedwig Regina Livingston,01/05/2011,01/12/2009,0
390,HCM0267,MaterialsEngineer,Hall Colorado Morin,Ainsley MacKensie Doyle,01/05/2011,01/12/2009,0
391,HCS0003,VicePresident,Halla Cathleen Simmons,Mona Susan Shannon,01/05/2011,01/12/2009,0
392,HCV0478,Salesman,Harper Clark Vazquez,Bert Jason Henderson,01/05/2011,01/12/2009,0
393,HCW0419,HardwareEngineer,Hermione Casey Witt,Hadassah Riley Baker,01/05/2011,01/12/2009,0
394,HDD0789,Manager,Hashim Damon Dudley,Donovan Carlos Chapman,01/05/2011,01/12/2009,0
395,HDD0806,SoftwareEngineer,Hedwig Dai Duffy,Sara Gail George,01/05/2011,01/12/2009,0
396,HDH0928,Mathematician,Hashim Damon Hebert,Lillith Adena Matthews,01/05/2011,01/12/2009,0
397,HDJ0446,ProductionLineWorker,Hope Dawn Jensen,Armando Albert Walter,01/05/2011,01/12/2009,0
398,HDL0748,Salesman,Hedy Delilah Lopez,Lysandra Chastity Brennan,01/05/2011,01/12/2009,0
399,HDS0367,ITAdmin,Hayes Drake Stephenson,Francis Brian Armstrong,01/05/2011,01/12/2009,0
400,HFB0347,Technician,Heather Fredericka Baird,Garrett Nicholas Solomon,01/12/2010,01/12/2009,0
401,HGG0240,ComputerScientist,Hedda Grace Gordon,Vance Ira Alston,01/05/2011,01/12/2009,0
402,HGH0595,ProductionLineWorker,Hanae Gay Hogan,Whilemina Pandora England,01/05/2011,01/12/2009,0
403,HGN0287,MechanicalEngineer,Halla Germaine Nolan,Rose Hanae Yates,01/05/2011,01/12/2009,0
404,HIA0414,SystemsEngineer,Herman Ian Abbott,Hadassah Riley Baker,01/05/2011,01/12/2009,0
405,HIW0536,LabManager,Honorato Ivan Wall,Summer Leilani Boyer,01/05/2011,01/12/2009,0
406,HJA0018,HumanResourceSpecialist,Honorato Joseph Adkins,Bethany Xerxes Johnson,01/05/2011,01/12/2009,0
407,HJB0742,Salesman,Harlan Jason Benjamin,Lysandra Chastity Brennan,01/11/2010,01/12/2009,1
408,HJS0072,SoftwareEngineer,Honorato John Sloan,Vance Ira Alston,01/01/2010,01/12/2009,0
409,HKB0418,SystemsEngineer,Halee Kim Burnett,Hadassah Riley Baker,01/03/2011,01/12/2009,0
410,HKF0831,ProductionLineWorker,Hiroko Kiona Faulkner,Amy Lucy Chen,01/05/2011,01/12/2009,0
411,HKI0171,Salesman,Halla Kendall Irwin,Meredith Ainsley Wolf,01/05/2011,01/12/2009,0
412,HKR0628,Salesman,Halee Keiko Rhodes,Winter Veda Burks,01/05/2011,01/12/2009,0
413,HLH0512,Technician,Hadassah Leah Harris,Burke Randall Burnett,01/05/2011,01/12/2009,0
414,HLM0933,SoftwareEngineer,Hadley Leandra May,Caleb Mason Ball,01/05/2011,01/12/2009,0
415,HMM0108,MechanicalEngineer,Hakeem Mason Mccall,Rose Hanae Yates,01/02/2010,01/12/2009,0
416,HMW0713,ProductionLineWorker,Heidi Mia Wilson,Alan Benjamin Holder,01/05/2011,01/12/2009,0
417,HOB0994,IndustrialEngineer,Harrison Oscar Burke,Grant Tyrone Doyle,01/05/2011,01/12/2009,0
418,HPH0075,ChiefEngineer,Harper Price Harris,Declan Lester Moss,01/05/2011,01/12/2009,0
419,HPM0986,InstructionalCoordinator,Hasad Paki Mcfadden,Walter Kaseem Foley,01/05/2011,01/12/2009,0
420,HPR0585,ProductionLineWorker,Hillary Piper Riddle,Whilemina Pandora England,01/05/2011,01/12/2009,0
421,HRB0351,ChiefEngineer,Hadassah Riley Baker,Declan Lester Moss,01/05/2011,01/12/2009,0
422,HRD0635,Technician,Hadley Rhona Dillon,Hedwig Regina Livingston,01/04/2010,01/12/2009,0
423,HRL0540,FieldServiceEngineer,Hedwig Regina Livingston,Sharon Britanni Kerr,01/05/2011,01/12/2009,0
424,HRW0550,Scientist,Howard Raphael Weiss,Honorato Ivan Wall,01/05/2011,01/12/2009,0
425,HSB0196,PurchasingClerk,Hadley Sonya Bowen,August Armando Evans,01/05/2011,01/12/2009,0
426,HSD0457,ProductionLineWorker,Hollee Shannon Dudley,Armando Albert Walter,01/05/2011,01/12/2009,0
427,HSG0818,ComputerProgrammer,Harrison Samuel Gonzales,Sara Gail George,01/05/2011,01/12/2009,0
428,HSP0290,ProductionLineWorker,Hakeem Stephen Peck,Shannon Chantale Price,01/05/2011,01/12/2009,0
429,HTF0641,Technician,Hilel Tobias Flynn,Hedwig Regina Livingston,01/05/2011,01/12/2009,0
430,HTH0007,VicePresident,Hyatt Trevor Hayes,Mona Susan Shannon,01/05/2011,01/12/2009,0
431,HVB0037,SecurityGuard,Hollee Vanna Becker,Clinton Coby Wolfe,01/05/2011,01/12/2009,0
432,HVF0067,SoftwareEngineer,Hector Vance Foster,Vance Ira Alston,01/05/2011,01/12/2009,0
433,HWH0646,Technician,Hadley Willa Hill,Hedwig Regina Livingston,01/05/2011,01/12/2009,0
434,HWM0342,Technician,Hanae Wendy Meyer,Garrett Nicholas Solomon,01/05/2011,01/12/2009,0
435,HWW0436,TestEngineer,Hayes William Wheeler,Cameron Noel Elliott,01/05/2011,01/12/2009,0
436,HWY0038,ITAdmin,Howard Wing Yang,Frances Alisa Wiggins,01/05/2010,01/12/2009,0
437,HXL0968,ProductionLineWorker,Holly Xerxes Lara,Sandra Beverly Diaz,01/09/2010,01/12/2009,1
438,IAR0694,ComputerScientist,Imani Aubrey Ray,Aurora Tatiana Payne,01/05/2011,01/12/2009,0
439,IAT0263,MaterialsEngineer,Ivor Amir Tucker,Ainsley MacKensie Doyle,01/08/2010,01/12/2009,0
440,IBB0359,ITAdmin,Ira Brendan Ball,Francis Brian Armstrong,01/05/2011,01/12/2009,0
441,IBB0696,ProductionLineWorker,Isadora Buffy Brewer,Alan Benjamin Holder,01/05/2011,01/12/2009,0
442,IBM0671,Physicist,Ira Benjamin Mays,Sarah Imelda Juarez,01/05/2011,01/12/2009,0
443,IBP0883,Technician,Iona Brenda Payne,Blythe Veda Cooke,01/05/2011,01/12/2009,0
444,IBS0836,ProductionLineWorker,Isadora Blaine Shepherd,Amy Lucy Chen,01/05/2011,01/12/2009,0
445,ICH0294,ProductionLineWorker,Idola Carly Haley,Shannon Chantale Price,01/05/2011,01/12/2009,0
446,ICS0956,ProductionLineWorker,Ivy Charissa Solis,Sandra Beverly Diaz,01/11/2010,01/12/2009,0
447,IDO0176,Salesman,Ira Dustin Oneill,Meredith Ainsley Wolf,01/05/2011,01/12/2009,0
448,IEB0153,Accountant,Irma Eugenia Booker,Vera Mollie Jenkins,01/05/2011,01/12/2009,0
449,IHK0841,ProductionLineWorker,Ivor Herrod Kaufman,Amy Lucy Chen,01/05/2011,01/12/2009,0
450,IIA0092,MaterialsEngineer,Ingrid Irene Atkins,Ainsley MacKensie Doyle,01/05/2011,01/12/2009,0
451,IIL0513,Technician,Illana Isabelle Lamb,Burke Randall Burnett,01/05/2011,01/12/2009,0
452,IIW0249,MechanicalEngineer,Igor Ishmael Ward,Harper Price Harris,01/05/2011,01/12/2009,0
453,IJM0139,ProductionLineWorker,Irene Jemima Meyers,Shannon Chantale Price,01/05/2011,01/12/2009,0
454,IJM0444,TestEngineer,Ian Jonas Morrow,Cameron Noel Elliott,01/05/2011,01/12/2009,0
455,IJM0776,Technician,Indira Jocelyn Mack,Blaine Helen Cervantes,01/08/2010,01/12/2009,1
456,IJR0825,ProductionLineWorker,Ivor Jelani Robbins,Amy Lucy Chen,01/05/2011,01/12/2009,0
457,IJW0851,Salesman,Isadora Jael Waters,Hashim Damon Dudley,01/05/2011,01/12/2009,0
458,IKP0472,ProductionLineWorker,Ivana Kaitlin Parsons,Armando Albert Walter,01/05/2011,01/12/2009,0
459,IKR0401,SoftwareEngineer,Ivor Kenneth Rollins,Jocelyn Bree Mccray,01/01/2011,01/12/2009,1
460,ILC0838,ProductionLineWorker,Ivan Levi Craig,Amy Lucy Chen,01/05/2011,01/12/2009,0
461,ILH0958,ProductionLineWorker,Irene Lacota Huffman,Sandra Beverly Diaz,01/05/2011,01/12/2009,0
462,ILJ0526,Technician,Idola Lana Jarvis,Burke Randall Burnett,01/05/2011,01/12/2009,0
463,ILR0304,ProductionLineWorker,Ivory Leandra Rogers,Shannon Chantale Price,01/05/2011,01/12/2009,0
464,IMB0481,Salesman,Isabelle Maggie Benjamin,Bert Jason Henderson,01/05/2011,01/12/2009,0
465,IMG0320,Salesman,Isabella Marah Graham,Meredith Ainsley Wolf,01/05/2011,01/12/2009,0
466,IMP0530,Technician,Irma Melanie Patrick,Burke Randall Burnett,01/05/2011,01/12/2009,0
467,IRM0931,ComputerProgrammer,Ignatius Reese Morton,Caleb Mason Ball,01/05/2011,01/12/2009,0
468,IRT0491,Salesman,Iris Rhea Terrell,Bert Jason Henderson,01/05/2011,01/12/2009,0
469,IUB0565,SoftwareEngineer,Isaiah Upton Buchanan,Stephanie Briar Harrington,01/11/2010,01/12/2009,1
470,IUY0279,TestEngineer,Igor Ulric Yang,Rose Hanae Yates,01/05/2011,01/12/2009,0
471,IWM0816,SoftwareEngineer,Ira Wyatt Moss,Sara Gail George,01/05/2011,01/12/2009,0
472,IYB0918,Scientist,Illana Yvette Bradshaw,Lillith Adena Matthews,01/05/2011,01/12/2009,0
473,JAD0609,Salesman,Jana Amanda Dorsey,Winter Veda Burks,01/05/2011,01/12/2009,0
474,JAJ0849,ProductionLineWorker,Jaquelyn Angelica Jimenez,Amy Lucy Chen,01/05/2011,01/12/2009,0
475,JAM0382,Scientist,Jena Audrey Malone,Kim Dara Sullivan,01/05/2011,01/12/2009,0
476,JAV0361,ITAdmin,Joseph Alan Vaughan,Francis Brian Armstrong,01/05/2011,01/12/2009,0
477,JBD0616,Salesman,Jocelyn Brenna Daniels,Winter Veda Burks,01/05/2011,01/12/2009,0
478,JBM0350,Manager,Jocelyn Bree Mccray,Todd Vance Spears,01/05/2011,01/12/2009,0
479,JCC0225,ITAdmin,Jack Carlos Cannon,Frances Alisa Wiggins,01/05/2011,01/12/2009,0
480,JCG0316,Salesman,Josiah Chester Gray,Meredith Ainsley Wolf,01/05/2011,01/12/2009,0
481,JCR0172,Salesman,Jaquelyn Cassandra Roberson,Meredith Ainsley Wolf,01/05/2011,01/12/2009,0
482,JCR0289,ProductionLineWorker,Jena Chanda Rollins,Shannon Chantale Price,01/05/2011,01/12/2009,0
483,JCR0770,Technician,Jared Cameron Rosa,Blaine Helen Cervantes,01/05/2011,01/12/2009,0
484,JCR0921,Physicist,Jonas Connor Riddle,Lillith Adena Matthews,01/05/2011,01/12/2009,0
485,JCV0245,MechanicalEngineer,James Cain Vargas,Harper Price Harris,01/05/2011,01/12/2009,0
486,JCW0858,Salesman,Jeanette Cally Whitfield,Hashim Damon Dudley,01/05/2011,01/12/2009,0
487,JDB0169,Salesman,Jonah Dakota Bird,Meredith Ainsley Wolf,01/05/2011,01/12/2009,0
488,JDC0030,AdministrativeAssistant,Jenna Darrel Charles,Fatima Ulla Mcclure,01/05/2011,01/12/2009,0
489,JDF0593,ProductionLineWorker,Jameson Damian Franco,Whilemina Pandora England,01/05/2011,01/12/2009,0
490,JER0404,SoftwareEngineer,Jeanette Eliana Rivera,Jocelyn Bree Mccray,01/05/2011,01/12/2009,0
491,JFC0557,SoftwareEngineer,Jade Felicia Caldwell,Stephanie Briar Harrington,01/05/2011,01/12/2009,0
492,JFC0757,Technician,Jolene Frances Carey,Blaine Helen Cervantes,01/05/2011,01/12/2009,0
493,JGM0934,SoftwareEngineer,Jared Geoffrey Morin,Caleb Mason Ball,01/05/2011,01/12/2009,0
494,JGT0221,ITAdmin,Jonathan Gary Terry,Frances Alisa Wiggins,01/06/2010,01/12/2009,1
495,JHP0583,ProductionLineWorker,Jorden Helen Pierce,Whilemina Pandora England,01/05/2011,01/12/2009,0
496,JIG0128,MechanicalEngineer,Josephine Indira Garza,Fritz Dale Ellison,01/05/2011,01/12/2009,0
497,JIM0095,AdministrativeAssistant,Jane Ignacia Mcdonald,Gage Kaden Odonnell,01/05/2011,01/12/2009,0
498,JJB0127,MechanicalEngineer,Jin Jonathan Buckley,Fritz Dale Ellison,01/05/2011,01/12/2009,0
499,JJB0700,ProductionLineWorker,Julie Jaime Burns,Alan Benjamin Holder,01/05/2011,01/12/2009,0
500,JJH0292,ProductionLineWorker,Jane Justina Hunt,Shannon Chantale Price,01/05/2011,01/12/2009,0
501,JJH0613,Salesman,Jael Jennifer Hansen,Winter Veda Burks,01/05/2011,01/12/2009,0
502,JJM0203,Engineer,Jonathan John Martinez,Whoopi Britanney Camacho,01/09/2010,01/12/2009,1
503,JKB0126,ElectricalEngineer,Jaden Kylan Buckley,Fritz Dale Ellison,01/05/2011,01/12/2009,0
504,JKF0465,ProductionLineWorker,Jerry Kennan Fischer,Armando Albert Walter,01/05/2011,01/12/2009,0
505,JKJ0698,ProductionLineWorker,Jescie Kristen Jenkins,Alan Benjamin Holder,01/05/2011,01/12/2009,0
506,JKM0303,ProductionLineWorker,Joel Kennan Mccarty,Shannon Chantale Price,01/05/2011,01/12/2009,0
507,JLM0364,ITAdmin,Jacqueline Latifah Miles,Francis Brian Armstrong,01/03/2011,01/12/2009,1
508,JLW0053,LabManager,Jackson Linus Wilkerson,Summer Leilani Boyer,01/05/2011,01/12/2009,0
509,JMB0308,Salesman,Jarrod Malik Burris,Meredith Ainsley Wolf,01/07/2010,01/12/2009,1
510,JMC0925,Physicist,Jade Maris Coleman,Lillith Adena Matthews,01/05/2011,01/12/2009,0
511,JMD0520,Technician,Jane Maite Dotson,Burke Randall Burnett,01/05/2011,01/12/2009,0
512,JMH0543,Scientist,Jermaine Mannix Hansen,Honorato Ivan Wall,01/10/2010,01/12/2009,0
513,JMK0099,SystemsEngineer,Jakeem Magee Knight,Gage Kaden Odonnell,01/05/2011,01/12/2009,0
514,JML0909,Technician,Jenette McKenzie Lynn,Blythe Veda Cooke,01/05/2011,01/12/2009,0
515,JMW0638,Technician,Jonah Merritt Wilder,Hedwig Regina Livingston,01/05/2011,01/12/2009,0
516,JNA0559,SoftwareEngineer,Justine Nola Adkins,Stephanie Briar Harrington,01/05/2011,01/12/2009,0
517,JNJ0556,ComputerScientist,Jaden Nicole Johnston,Stephanie Briar Harrington,01/05/2011,01/12/2009,0
518,JOL0024,AdministrativeAssistant,John Omar Lancaster,Walter Kaseem Foley,01/05/2011,01/12/2009,0
519,JOM0750,Salesman,Jonathan Orlando Marsh,Lysandra Chastity Brennan,01/05/2011,01/12/2009,0
520,JPA0667,Scientist,John Price Atkins,Sarah Imelda Juarez,01/05/2011,01/12/2009,0
521,JPW0741,Salesman,Josiah Preston Wall,Lysandra Chastity Brennan,01/05/2011,01/12/2009,0
522,JRF0835,ProductionLineWorker,Jessica Rachel Freeman,Amy Lucy Chen,01/05/2011,01/12/2009,0
523,JRG0207,SecurityGuard,Joseph Raja Gaines,Clinton Coby Wolfe,01/01/2011,01/12/2009,1
524,JRH0455,ProductionLineWorker,Jeremy Rooney Henderson,Armando Albert Walter,01/02/2010,01/12/2009,0
525,JRL0574,ProductionLineWorker,Joy Rosalyn Leblanc,Whilemina Pandora England,01/05/2011,01/12/2009,0
526,JRS0362,ITAdmin,Jackson Rafael Sutton,Francis Brian Armstrong,01/05/2011,01/12/2009,0
527,JSA0775,Technician,Julian Samson Allen,Blaine Helen Cervantes,01/05/2011,01/12/2009,0
528,JSH0330,Technician,Judith Shaeleigh Hayden,Garrett Nicholas Solomon,01/05/2011,01/12/2009,0
529,JTM0223,ITAdmin,Jerry Tad Mccall,Frances Alisa Wiggins,01/06/2010,01/12/2009,1
530,JTS0389,Scientist,Josiah Thaddeus Stewart,Kim Dara Sullivan,01/05/2011,01/12/2009,0
531,JXH0493,Salesman,Justin Xerxes Hansen,Bert Jason Henderson,01/05/2011,01/12/2009,0
532,JZD0888,Technician,Jane Zia Day,Blythe Veda Cooke,01/05/2011,01/12/2009,0
533,KAC0124,ElectricalEngineer,Kathleen Aline Chan,Fritz Dale Ellison,01/05/2011,01/12/2009,0
534,KAL0395,ComputerScientist,Kay Alexa Logan,Jocelyn Bree Mccray,01/05/2011,01/12/2009,0
535,KAT0270,ElectricalEngineer,Kirby Amity Tyson,Gage Kaden Odonnell,01/05/2011,01/12/2009,0
536,KAT0489,Salesman,Katell Amethyst Thornton,Bert Jason Henderson,01/05/2011,01/12/2009,0
537,KBB0189,AdministrativeAssistant,Kaye Brianna Blair,Kirby Bo Pollard,01/05/2011,01/12/2009,0
538,KBC0054,Scientist,Kyla Blythe Carter,Summer Leilani Boyer,01/05/2011,01/12/2009,0
539,KBG0549,Scientist,Kylie Brielle Greer,Honorato Ivan Wall,01/05/2011,01/12/2009,0
540,KBL0260,ElectricalEngineer,Kermit Beau Leach,Dylan Tiger Terry,01/05/2011,01/12/2009,0
541,KBP0008,VicePresident,Kirby Bo Pollard,Mona Susan Shannon,01/05/2011,01/12/2009,0
542,KBS0874,Salesman,Kay Brynne Spears,Hashim Damon Dudley,01/05/2011,01/12/2009,0
543,KCB0815,SoftwareEngineer,Kaden Chastity Briggs,Sara Gail George,01/05/2011,01/12/2009,0
544,KCF0045,ITAdmin,Kendall Ciaran Frank,Frances Alisa Wiggins,01/05/2011,01/12/2009,0
545,KCO0122,IndustrialEngineer,Kermit Coby Oliver,Grant Tyrone Doyle,01/05/2011,01/12/2009,0
546,KCS0173,Salesman,Kenyon Chancellor Sharpe,Meredith Ainsley Wolf,01/05/2011,01/12/2009,0
547,KDS0349,LabManager,Kim Dara Sullivan,Summer Leilani Boyer,01/05/2011,01/12/2009,0
548,KDT0346,Technician,Kibo Dolan Turner,Garrett Nicholas Solomon,01/05/2011,01/12/2009,0
549,KES0729,Salesman,Kylie Elizabeth Santos,Lysandra Chastity Brennan,01/05/2011,01/12/2009,0
550,KJA0152,AdministrativeAssistant,Kimberley Joy Anderson,Vera Mollie Jenkins,01/05/2011,01/12/2009,0
551,KJG0910,Technician,Kermit Jonas Gould,Blythe Veda Cooke,01/05/2011,01/12/2009,0
552,KJJ0293,ProductionLineWorker,Kirk Jakeem Joyce,Shannon Chantale Price,01/05/2011,01/12/2009,0
553,KJM0887,Technician,Kibo Josiah Murray,Blythe Veda Cooke,01/05/2011,01/12/2009,0
554,KJP0371,ITAdmin,Kyla Jocelyn Porter,Francis Brian Armstrong,01/05/2011,01/12/2009,0
555,KJS0618,Salesman,Kay Janna Snider,Winter Veda Burks,01/05/2011,01/12/2009,0
556,KJW0416,SystemsEngineer,Katell Jasmine Wiggins,Hadassah Riley Baker,01/05/2011,01/12/2009,0
557,KKC0683,SoftwareEngineer,Kessie Kay Cooper,Aurora Tatiana Payne,01/05/2011,01/12/2009,0
558,KKS0119,Manager,Kimberley Kiona Sosa,Byron Tyrone Williamson,01/05/2011,01/12/2009,0
559,KKW0879,Salesman,Keane Kennan Watts,Hashim Damon Dudley,01/05/2011,01/12/2009,0
560,KLH0596,ProductionLineWorker,Kasper Lance Huffman,Whilemina Pandora England,01/01/2011,01/12/2009,1
561,KLM0639,Technician,Katelyn Lani Murray,Hedwig Regina Livingston,01/05/2011,01/12/2009,0
562,KMB0922,Scientist,Keegan Marvin Benson,Lillith Adena Matthews,01/05/2011,01/12/2009,0
563,KMS0657,Technician,Kay Maxine Skinner,Hedwig Regina Livingston,01/05/2011,01/12/2009,0
564,KMW0545,Physicist,Keely Mollie Weiss,Honorato Ivan Wall,01/05/2011,01/12/2009,0
565,KNB0022,HumanResourceSpecialist,Keane Nicholas Blevins,Blaze Trevor Stone,01/05/2011,01/12/2009,0
566,KNG0672,Physicist,Kasimir Nehru Galloway,Sarah Imelda Juarez,01/02/2011,01/12/2009,0
567,KNW0644,Technician,Keiko Naida Webb,Hedwig Regina Livingston,01/05/2011,01/12/2009,0
568,KPC0073,ComputerScientist,Kareem Porter Collins,Vance Ira Alston,01/07/2010,01/12/2009,1
569,KPP0452,ProductionLineWorker,Kai Penelope Peck,Armando Albert Walter,01/05/2011,01/12/2009,0
570,KPR0497,Salesman,Kirk Palmer Rosales,Bert Jason Henderson,01/05/2011,01/12/2009,0
571,KQC0708,ProductionLineWorker,Kevyn Quin Charles,Alan Benjamin Holder,01/05/2011,01/12/2009,0
572,KQS0415,SystemsEngineer,Kane Quinlan Stevenson,Hadassah Riley Baker,01/05/2011,01/12/2009,0
573,KRG0158,AdministrativeAssistant,Kenyon Raja Galloway,Hyatt Trevor Hayes,01/05/2011,01/12/2009,0
574,KRL0062,AdministrativeAssistant,Keaton Ronan Leonard,Todd Vance Spears,01/05/2011,01/12/2009,0
575,KRL0501,Salesman,Kirby Ruby Lyons,Bert Jason Henderson,01/12/2010,01/12/2009,1
576,KRM0541,Scientist,Kimberley Roary Maldonado,Honorato Ivan Wall,01/05/2011,01/12/2009,0
577,KRV0372,ITAdmin,Kennedy Robert Vega,Francis Brian Armstrong,01/05/2011,01/12/2009,0
578,KSH0569,SoftwareEngineer,Kameko Signe Harrison,Stephanie Briar Harrington,01/05/2011,01/12/2009,0
579,KSP0357,ITAdmin,Kennedy Shad Parker,Francis Brian Armstrong,01/11/2010,01/12/2009,0
580,KSP0966,ProductionLineWorker,Kenneth Steel Porter,Sandra Beverly Diaz,01/05/2011,01/12/2009,0
581,KTG0091,MaterialsEngineer,Kendall Thaddeus Glover,Ainsley MacKensie Doyle,01/05/2011,01/12/2009,0
582,KVS0425,SystemsEngineer,Kirestin Vanna Sykes,Hadassah Riley Baker,01/05/2011,01/12/2009,0
583,KVT0028,Nurse,Kessie Vielka Trevino,Alec Mannix Mcneil,01/05/2011,01/12/2009,0
584,KWC0004,VicePresident,Kai Wynne Craft,Mona Susan Shannon,01/05/2011,01/12/2009,0
585,KWE0082,MechanicalEngineer,Kane Walter Eaton,Harper Price Harris,01/05/2011,01/12/2009,0
586,LAF0991,IndustrialEngineer,Lucas Ahmed Ferrell,Grant Tyrone Doyle,01/05/2011,01/12/2009,0
587,LAM0911,LabManager,Lillith Adena Matthews,Summer Leilani Boyer,01/05/2011,01/12/2009,0
588,LAP0338,Technician,Lynn Adena Pratt,Garrett Nicholas Solomon,01/05/2011,01/12/2009,0
589,LBC0356,ITAdmin,Logan Branden Cherry,Francis Brian Armstrong,01/05/2011,01/12/2009,0
590,LBF0214,SecurityGuard,Leslie Briar Fields,Clinton Coby Wolfe,01/05/2011,01/12/2009,0
591,LBH0942,SoftwareEngineer,Lyle Brady Hayes,Caleb Mason Ball,01/05/2011,01/12/2009,0
592,LCB0664,Manager,Lysandra Chastity Brennan,Donovan Carlos Chapman,01/05/2011,01/12/2009,0
593,LCC0819,ComputerProgrammer,Leslie Cassandra Colon,Sara Gail George,01/07/2010,01/12/2009,1
594,LCD0622,Salesman,Leo Chaney Daugherty,Winter Veda Burks,01/05/2011,01/12/2009,0
595,LDB0090,AdministrativeAssistant,Lani Dai Beard,Ainsley MacKensie Doyle,01/05/2011,01/12/2009,0
596,LDD0560,ComputerScientist,Leslie Denise Dillon,Stephanie Briar Harrington,01/01/2010,01/12/2009,0
597,LDG0459,ProductionLineWorker,Lacota Dahlia Good,Armando Albert Walter,01/05/2011,01/12/2009,0
598,LDM0587,ProductionLineWorker,Lila Dana Mcintyre,Whilemina Pandora England,01/05/2011,01/12/2009,0
599,LEM0605,Salesman,Leo Elmo Monroe,Winter Veda Burks,01/05/2011,01/12/2009,0
600,LFS0071,SoftwareEngineer,Lamar Francis Scott,Vance Ira Alston,01/05/2011,01/12/2009,0
601,LHB0606,Salesman,Louis Hyatt Bruce,Winter Veda Burks,01/03/2010,01/12/2009,0
602,LHB0967,ProductionLineWorker,Leo Hasad Byrd,Sandra Beverly Diaz,01/05/2011,01/12/2009,0
603,LHL0309,Salesman,Lacota Hilda Lindsey,Meredith Ainsley Wolf,01/05/2011,01/12/2009,0
604,LHN0151,Accountant,Lacota Helen Nash,Cedric Herrod Gilliam,01/05/2011,01/12/2009,0
605,LIM0674,Physicist,Leah Idola Moran,Sarah Imelda Juarez,01/05/2011,01/12/2009,0
606,LJB0826,ProductionLineWorker,Laith Jason Britt,Amy Lucy Chen,01/05/2011,01/12/2009,0
607,LJJ0905,Technician,Lionel Jasper Johnston,Blythe Veda Cooke,01/05/2011,01/12/2009,0
608,LJR0523,Technician,Lavinia Justine Richmond,Burke Randall Burnett,01/07/2010,01/12/2009,1
609,LJT0817,ComputerScientist,Luke Jacob Talley,Sara Gail George,01/05/2011,01/12/2009,0
610,LLV0602,Salesman,Lee Lacey Velez,Winter Veda Burks,01/05/2011,01/12/2009,0
611,LMF0980,HumanResourceSpecialist,Leonard Malachi Floyd,Blaze Trevor Stone,01/05/2011,01/12/2009,0
612,LNR0656,Technician,Lacey Nomlanga Rasmussen,Hedwig Regina Livingston,01/05/2011,01/12/2009,0
613,LNS0989,NursePractitioner,Lamar Nissim Strickland,Alec Mannix Mcneil,01/05/2011,01/12/2009,0
614,LOF0311,Salesman,Lionel Omar Fisher,Meredith Ainsley Wolf,01/05/2011,01/12/2009,0
615,LOM0086,ElectricalEngineer,Lane Oleg Mclaughlin,Dylan Tiger Terry,01/06/2010,01/12/2009,0
616,LPC0492,Salesman,Lenore Piper Cardenas,Bert Jason Henderson,01/05/2011,01/12/2009,0
617,LPH0572,ProductionLineWorker,Lunea Priscilla Hardy,Whilemina Pandora England,01/01/2010,01/12/2009,0
618,LQC0479,Salesman,Leilani Quail Callahan,Bert Jason Henderson,01/09/2010,01/12/2009,1
619,LQP0508,Technician,Lester Quamar Pearson,Burke Randall Burnett,01/05/2011,01/12/2009,0
620,LRR0148,Manager,Libby Rosalyn Richard,Thomas Vladimir Stokes,01/05/2011,01/12/2009,0
621,LRW0970,ProductionLineWorker,Lilah Renee Wagner,Sandra Beverly Diaz,01/05/2011,01/12/2009,0
622,LTS0860,Salesman,Leila Tallulah Steele,Hashim Damon Dudley,01/05/2011,01/12/2009,0
623,LUR0896,Technician,Leonard Uriel Ramos,Blythe Veda Cooke,01/02/2011,01/12/2009,0
624,MAD0496,Salesman,Martin Armand Douglas,Bert Jason Henderson,01/04/2010,01/12/2009,0
625,MAD0753,Salesman,Mallory Alexis Daniel,Lysandra Chastity Brennan,01/05/2011,01/12/2009,0
626,MAE0331,Technician,Magee Ashton Evans,Garrett Nicholas Solomon,01/05/2011,01/12/2009,0
627,MAH0149,AdministrativeAssistant,Myles August Heath,Cedric Herrod Gilliam,01/05/2011,01/12/2009,0
628,MAH0864,Salesman,Malik Adrian Hebert,Hashim Damon Dudley,01/05/2011,01/12/2009,0
629,MAR0955,ProductionLineWorker,Micah Abdul Rojas,Sandra Beverly Diaz,01/02/2011,01/12/2009,1
630,MAS0025,InstructionalCoordinator,Melissa Ava Stuart,Walter Kaseem Foley,01/09/2010,01/12/2009,1
631,MAW0166,Manager,Meredith Ainsley Wolf,Donovan Carlos Chapman,01/05/2011,01/12/2009,0
632,MBG0438,TestEngineer,Melvin Brody Garza,Cameron Noel Elliott,01/11/2010,01/12/2009,0
633,MBJ0312,Salesman,Meghan Brianna Jensen,Meredith Ainsley Wolf,01/05/2011,01/12/2009,0
634,MBR0724,ProductionLineWorker,Montana Basia Roberts,Alan Benjamin Holder,01/05/2011,01/12/2009,0
635,MBW0809,ComputerScientist,Marshall Benjamin Wilcox,Sara Gail George,01/01/2010,01/12/2009,0
636,MCD0125,MechanicalEngineer,Mallory Charissa Dixon,Fritz Dale Ellison,01/06/2010,01/12/2009,0
637,MCF0327,Salesman,Martina Cassandra Fields,Meredith Ainsley Wolf,01/05/2011,01/12/2009,0
638,MCF0600,ProductionLineWorker,Maxwell Clark Faulkner,Whilemina Pandora England,01/09/2010,01/12/2009,1
639,MCJ0324,Salesman,Melodie Chantale Joyce,Meredith Ainsley Wolf,01/05/2011,01/12/2009,0
640,MCS0035,SecurityGuard,Mallory Carol Spence,Clinton Coby Wolfe,01/05/2011,01/12/2009,0
641,MCT0720,ProductionLineWorker,Macey Christen Turner,Alan Benjamin Holder,01/05/2011,01/12/2009,0
642,MDH0580,ProductionLineWorker,Morgan Deborah Hoover,Whilemina Pandora England,01/02/2011,01/12/2009,1
643,MDH0686,SoftwareEngineer,Maxwell Dante Hutchinson,Aurora Tatiana Payne,01/05/2011,01/12/2009,0
644,MDM0625,Salesman,Melyssa Deirdre Morgan,Winter Veda Burks,01/05/2011,01/12/2009,0
645,MDM0976,HumanResourceSpecialist,Myles Donovan Macias,Bethany Xerxes Johnson,01/05/2011,01/12/2009,0
646,MES0407,SystemsEngineer,Minerva Emerald Solomon,Hadassah Riley Baker,01/05/2011,01/12/2009,0
647,MFV0897,Technician,Meredith Florence Valdez,Blythe Veda Cooke,01/05/2011,01/12/2009,0
648,MGS0974,HumanResourceSpecialist,Mari Gretchen Shaw,Bethany Xerxes Johnson,01/05/2011,01/12/2009,0
649,MHA0798,Mathematician,Montana Hannah Arnold,Sasha Britanney Quinn,01/05/2011,01/12/2009,0
650,MHG0244,MechanicalEngineer,Matthew Harper Glass,Harper Price Harris,01/05/2011,01/12/2009,0
651,MHG0733,Salesman,Maxwell Hammett Green,Lysandra Chastity Brennan,01/05/2011,01/12/2009,0
652,MHH0180,Technician,Merrill Hiram Hess,Garrett Nicholas Solomon,01/11/2010,01/12/2009,0
653,MIB0904,Technician,Margaret Illana Burch,Blythe Veda Cooke,01/05/2011,01/12/2009,0
654,MIC0726,Salesman,Martin Ivan Cooper,Lysandra Chastity Brennan,01/05/2011,01/12/2009,0
655,MIL0255,ElectricalEngineer,Mercedes Ina Landry,Dylan Tiger Terry,01/05/2011,01/12/2009,0
656,MIM0712,ProductionLineWorker,Mariko Ivana Mckee,Alan Benjamin Holder,01/05/2011,01/12/2009,0
657,MJB0588,ProductionLineWorker,Mikayla Jaden Barron,Whilemina Pandora England,01/05/2011,01/12/2009,0
658,MJM0510,Technician,Macon Joseph Morrison,Burke Randall Burnett,01/05/2011,01/12/2009,0
659,MJS0890,Technician,Mira Jamalia Snow,Blythe Veda Cooke,01/05/2011,01/12/2009,0
660,MKG0711,ProductionLineWorker,Myra Kay Greer,Alan Benjamin Holder,01/05/2011,01/12/2009,0
661,MKL0941,SoftwareEngineer,Madonna Kristen Love,Caleb Mason Ball,01/05/2011,01/12/2009,0
662,MKP0861,Salesman,Macon Kyle Pope,Hashim Damon Dudley,01/05/2011,01/12/2009,0
663,MKS0204,Attorney,MacKenzie Kristen Stewart,Whoopi Britanney Camacho,01/05/2011,01/12/2009,0
664,MKW0441,Technician,Macy Karleigh Winters,Cameron Noel Elliott,01/05/2011,01/12/2009,0
665,MLD0755,Salesman,Meredith Lunea Delaney,Lysandra Chastity Brennan,01/05/2011,01/12/2009,0
666,MLG0475,ProductionLineWorker,Melodie Lee Glenn,Armando Albert Walter,01/05/2011,01/12/2009,0
667,MLL0598,ProductionLineWorker,Marcia Lillian Lynn,Whilemina Pandora England,01/05/2011,01/12/2009,0
668,MLM0950,ProductionLineWorker,Madison Lydia Morrison,Sandra Beverly Diaz,01/05/2011,01/12/2009,0
669,MLP0668,Mathematician,Medge Liberty Petersen,Sarah Imelda Juarez,01/05/2011,01/12/2009,0
670,MMB0488,Salesman,Maggy Melissa Burt,Bert Jason Henderson,01/02/2011,01/12/2009,0
671,MMG0943,SoftwareEngineer,MacKensie Mara Grant,Caleb Mason Ball,01/05/2011,01/12/2009,0
672,MNC0717,ProductionLineWorker,Mufutau Nehru Contreras,Alan Benjamin Holder,01/05/2011,01/12/2009,0
673,MNR0829,ProductionLineWorker,Maryam Nelle Ruiz,Amy Lucy Chen,01/05/2011,01/12/2009,0
674,MNS0224,ITAdmin,Medge Nichole Sims,Frances Alisa Wiggins,01/05/2011,01/12/2009,0
675,MOH0273,HardwareEngineer,Macaulay Otto Hopkins,Gage Kaden Odonnell,01/05/2011,01/12/2009,0
676,MOP0763,Technician,Merritt Oliver Phelps,Blaine Helen Cervantes,01/05/2011,01/12/2009,0
677,MOS0047,ITAdmin,Mariko Olga Snyder,Frances Alisa Wiggins,01/08/2010,01/12/2009,1
678,MPM0220,ITAdmin,Meghan Phoebe Macias,Frances Alisa Wiggins,01/10/2010,01/12/2009,1
679,MPT0376,Mathematician,Meredith Pamela Tanner,Kim Dara Sullivan,01/05/2011,01/12/2009,0
680,MSD0939,ComputerProgrammer,Miriam Shoshana Donovan,Caleb Mason Ball,01/05/2011,01/12/2009,0
681,MSG0839,ProductionLineWorker,Malcolm Sebastian Garrison,Amy Lucy Chen,01/05/2011,01/12/2009,0
682,MSH0040,ITAdmin,Megan Simone Hess,Frances Alisa Wiggins,01/12/2010,01/12/2009,0
683,MSO0222,ITAdmin,Medge Serina Obrien,Frances Alisa Wiggins,01/11/2010,01/12/2009,1
684,MSS0001,President,Mona Susan Shannon,,01/05/2011,01/12/2009,0
685,MSZ0310,Salesman,Molly Sacha Zimmerman,Meredith Ainsley Wolf,01/05/2011,01/12/2009,0
686,MTB0620,Salesman,Malachi Thor Butler,Winter Veda Burks,01/05/2011,01/12/2009,0
687,MTT0901,Technician,Mohammad Taylor Terrell,Blythe Veda Cooke,01/01/2010,01/12/2009,0
688,MVB0515,Technician,Mallory Virginia Bender,Burke Randall Burnett,01/05/2011,01/12/2009,0
689,MVF0594,ProductionLineWorker,Mohammad Vladimir Farrell,Whilemina Pandora England,01/05/2011,01/12/2009,0
690,MVH0373,ITAdmin,Madonna Veronica Hardy,Francis Brian Armstrong,01/03/2010,01/12/2009,0
691,MYD0978,HumanResourceSpecialist,Mark Yardley Dunlap,Bethany Xerxes Johnson,01/12/2010,01/12/2009,1
692,NAB0801,Mathematician,Nelle April Bowen,Sasha Britanney Quinn,01/05/2011,01/12/2009,0
693,NAB0903,Technician,Noah Andrew Beck,Blythe Veda Cooke,01/05/2011,01/12/2009,0
694,NAF0033,SecurityGuard,Nicolas Alvin Fitzpatrick,Clinton Coby Wolfe,01/04/2011,01/12/2009,0
695,NAF0326,Salesman,Nichole Azalia Frye,Meredith Ainsley Wolf,01/05/2011,01/12/2009,0
696,NAH0503,Salesman,Nicole Aurelia Hanson,Bert Jason Henderson,01/05/2011,01/12/2009,0
697,NAR0981,ComputerTrainer,Nigel Addison Rios,Walter Kaseem Foley,01/05/2011,01/12/2009,0
698,NBC0412,SystemsEngineer,Nyssa Britanney Carver,Hadassah Riley Baker,01/05/2011,01/12/2009,0
699,NBH0256,ElectricalEngineer,Nicolas Brandon Hendrix,Dylan Tiger Terry,01/05/2011,01/12/2009,0
700,NCE0097,SystemsEngineer,Nehru Cyrus Everett,Gage Kaden Odonnell,01/05/2011,01/12/2009,0
701,NCH0179,AdministrativeAssistant,Nina Camille Hodges,Garrett Nicholas Solomon,01/05/2011,01/12/2009,0
702,NCK0295,ProductionLineWorker,Noble Clinton Klein,Shannon Chantale Price,01/05/2011,01/12/2009,0
703,NCK0421,ComputerScientist,Nash Conan Knight,Hadassah Riley Baker,01/05/2011,01/12/2009,0
704,NCO0666,Scientist,Nicholas Cade Owen,Sarah Imelda Juarez,01/05/2011,01/12/2009,0
705,NDM0417,ComputerScientist,Noble Devin Mack,Hadassah Riley Baker,01/05/2011,01/12/2009,0
706,NGC0058,Mathematician,Nadine Gay Cross,Jackson Linus Wilkerson,01/05/2011,01/12/2009,0
707,NGF0157,FinancialAnalyst,Nissim Gil French,Libby Rosalyn Richard,01/05/2011,01/12/2009,0
708,NGO0690,SoftwareEngineer,Nigel Gareth Ochoa,Aurora Tatiana Payne,01/05/2011,01/12/2009,0
709,NHE0919,Scientist,Nigel Harrison Estrada,Lillith Adena Matthews,01/05/2011,01/12/2009,0
710,NHH0185,Technician,Nathaniel Hunter Heath,Garrett Nicholas Solomon,01/05/2011,01/12/2009,0
711,NIH0969,ProductionLineWorker,Naida Imelda Hughes,Sandra Beverly Diaz,01/05/2011,01/12/2009,0
712,NJB0243,MechanicalEngineer,Norman Jackson Beck,Harper Price Harris,01/05/2011,01/12/2009,0
713,NJC0705,ProductionLineWorker,Nicolas James Cantu,Alan Benjamin Holder,01/05/2011,01/12/2009,0
714,NKH0807,ComputerProgrammer,Nicolas Kadeem Hayden,Sara Gail George,01/05/2011,01/12/2009,0
715,NKH0979,HumanResourceSpecialist,Nathan Kenneth Hicks,Blaze Trevor Stone,01/05/2011,01/12/2009,0
716,NKP0236,ComputerProgrammer,Nicholas Kato Pennington,Vance Ira Alston,01/05/2011,01/12/2009,0
717,NLO0131,ProductionLineWorker,Nevada Leilani Ortega,Shannon Chantale Price,01/05/2011,01/12/2009,0
718,NMB0972,ProductionLineWorker,Naomi Meredith Baxter,Sandra Beverly Diaz,01/05/2011,01/12/2009,0
719,NMC0486,Salesman,Nicole Macey Craig,Bert Jason Henderson,01/05/2011,01/12/2009,0
720,NMF0780,Technician,Noble Merrill Fuller,Blaine Helen Cervantes,01/05/2011,01/12/2009,0
721,NMG0766,Technician,Nichole Melodie Gilbert,Blaine Helen Cervantes,01/05/2011,01/12/2009,0
722,NMS0280,Technician,Nell Mari Schneider,Rose Hanae Yates,01/05/2011,01/12/2009,0
723,NNA0610,Salesman,Nola Nerea Ayala,Winter Veda Burks,01/05/2011,01/12/2009,0
724,NNS0059,Scientist,Noah Nathan Shaffer,Jackson Linus Wilkerson,01/05/2011,01/12/2009,0
725,NOB0181,Technician,Nevada Odette Bass,Garrett Nicholas Solomon,01/05/2011,01/12/2009,0
726,NRD0548,Mathematician,Nissim Rafael Delacruz,Honorato Ivan Wall,01/02/2011,01/12/2009,0
727,NRF0137,ProductionLineWorker,Noel Reagan Foster,Shannon Chantale Price,01/05/2011,01/12/2009,0
728,NRO0768,Technician,Nora Regina Oconnor,Blaine Helen Cervantes,01/03/2011,01/12/2009,0
729,NSC0597,ProductionLineWorker,Neve Sarah Crane,Whilemina Pandora England,01/05/2011,01/12/2009,0
730,NSS0876,Salesman,Natalie Sheila Santiago,Hashim Damon Dudley,01/05/2011,01/12/2009,0
731,NUL0471,ProductionLineWorker,Nero Uriel Little,Armando Albert Walter,01/05/2011,01/12/2009,0
732,NWK0215,SecurityGuard,Noelani Wynter Kennedy,Clinton Coby Wolfe,01/05/2011,01/12/2009,0
733,NWT0098,HardwareEngineer,Nehru Wyatt Tate,Gage Kaden Odonnell,01/03/2011,01/12/2009,1
734,OBH0499,Salesman,Orson Barrett Houston,Bert Jason Henderson,01/05/2011,01/12/2009,0
735,OCB0805,Mathematician,Oren Curran Brady,Sasha Britanney Quinn,01/05/2011,01/12/2009,0
736,OCS0865,Salesman,Oren Clinton Sharpe,Hashim Damon Dudley,01/05/2011,01/12/2009,0
737,OHC0973,ProductionLineWorker,Otto Hedley Chase,Sandra Beverly Diaz,01/05/2011,01/12/2009,0
738,OJK0233,Physicist,Octavius Judah Kirby,Jackson Linus Wilkerson,01/05/2011,01/12/2009,0
739,OKB0439,MechanicalEngineer,Oleg Kane Britt,Cameron Noel Elliott,01/05/2011,01/12/2009,0
740,OKC0107,TestEngineer,Octavius Kelly Castaneda,Rose Hanae Yates,01/05/2011,01/12/2009,0
741,OLB0749,Salesman,Oscar Laith Berger,Lysandra Chastity Brennan,01/04/2010,01/12/2009,0
742,OLF0504,Salesman,Oliver Logan Fowler,Bert Jason Henderson,01/05/2011,01/12/2009,0
743,OLW0689,SoftwareEngineer,Owen Len Wheeler,Aurora Tatiana Payne,01/05/2011,01/12/2009,0
744,OMM0944,ProductionLineWorker,Octavia May Maddox,Sandra Beverly Diaz,01/05/2011,01/12/2009,0
745,OMS0101,ComputerScientist,Ocean Maite Summers,Gage Kaden Odonnell,01/05/2011,01/12/2009,0
746,ONL0276,ComputerScientist,Octavia Nora Leblanc,Gage Kaden Odonnell,01/05/2011,01/12/2009,0
747,ONW0083,MechanicalEngineer,Oscar Nolan Wooten,Harper Price Harris,01/05/2011,01/12/2009,0
748,OQH0183,Technician,Olivia Quynn Hardy,Garrett Nicholas Solomon,01/05/2011,01/12/2009,0
749,ORB0473,ProductionLineWorker,Owen Ross Burks,Armando Albert Walter,01/05/2011,01/12/2009,0
750,ORG0339,Technician,Olivia Rose Galloway,Garrett Nicholas Solomon,01/05/2011,01/12/2009,0
751,ORM0669,Mathematician,Orla Ruth Mckenzie,Sarah Imelda Juarez,01/05/2011,01/12/2009,0
752,OSH0655,Technician,Olympia Shafira Harrison,Hedwig Regina Livingston,01/05/2011,01/12/2009,0
753,OYM0026,HealthSafetyEngineer,Orla Yolanda Middleton,Wesley Kasper Duffy,01/05/2011,01/12/2009,0
754,PAD0773,Technician,Patience Audrey Douglas,Blaine Helen Cervantes,01/05/2011,01/12/2009,0
755,PBP0002,AdministrativeAssistant,Price Bevis Pittman,Mona Susan Shannon,01/05/2011,01/12/2009,0
756,PDH0716,ProductionLineWorker,Phelan Dieter Hendricks,Alan Benjamin Holder,01/05/2011,01/12/2009,0
757,PDW0259,ElectricalEngineer,Patricia Denise Wright,Dylan Tiger Terry,01/05/2011,01/12/2009,0
758,PES0085,AdministrativeAssistant,Patricia Emily Salazar,Dylan Tiger Terry,01/05/2011,01/12/2009,0
759,PEV0323,Salesman,Plato Ethan Valdez,Meredith Ainsley Wolf,01/05/2011,01/12/2009,0
760,PGC0066,AdministrativeAssistant,Prescott Giacomo Conley,Vance Ira Alston,01/05/2011,01/12/2009,0
761,PGH0184,Technician,Peter Gil Harrington,Garrett Nicholas Solomon,01/10/2010,01/12/2009,0
762,PGO0433,TestEngineer,Pearl Georgia Owen,Cameron Noel Elliott,01/05/2011,01/12/2009,0
763,PID0426,TestEngineer,Portia Illana David,Cameron Noel Elliott,01/05/2011,01/12/2009,0
764,PIS0522,Technician,Paula Isabelle Santiago,Burke Randall Burnett,01/05/2011,01/12/2009,0
765,PKB0281,ElectricalEngineer,Preston Kennan Burns,Rose Hanae Yates,01/05/2011,01/12/2009,0
766,PKB0429,TestEngineer,Philip Keith Barron,Cameron Noel Elliott,01/05/2011,01/12/2009,0
767,PLH0715,ProductionLineWorker,Penelope Lysandra Hayes,Alan Benjamin Holder,01/05/2011,01/12/2009,0
768,PLH0862,Salesman,Prescott Laith Harding,Hashim Damon Dudley,01/05/2011,01/12/2009,0
769,PMC0328,Technician,Penelope Montana Colon,Garrett Nicholas Solomon,01/05/2011,01/12/2009,0
770,PMJ0564,ComputerScientist,Paula Madaline Jackson,Stephanie Briar Harrington,01/05/2011,01/12/2009,0
771,PMV0850,ProductionLineWorker,Priscilla Martha Vinson,Amy Lucy Chen,01/05/2011,01/12/2009,0
772,PNH0761,Technician,Phelan Nissim Howell,Blaine Helen Cervantes,01/05/2011,01/12/2009,0
773,PNL0301,ProductionLineWorker,Philip Nathan Logan,Shannon Chantale Price,01/07/2010,01/12/2009,1
774,POB0343,Technician,Preston Odysseus Bryan,Garrett Nicholas Solomon,01/05/2011,01/12/2009,0
775,PPF0435,TestEngineer,Preston Plato Fischer,Cameron Noel Elliott,01/01/2011,01/12/2009,1
776,PRM0740,Salesman,Price Rashad Mullen,Lysandra Chastity Brennan,01/05/2011,01/12/2009,0
777,PSF0133,ProductionLineWorker,Piper Sasha Fuentes,Shannon Chantale Price,01/08/2010,01/12/2009,1
778,PTH0552,Mathematician,Philip Travis Hartman,Honorato Ivan Wall,01/05/2011,01/12/2009,0
779,PTH0830,ProductionLineWorker,Peter Tad Hartman,Amy Lucy Chen,01/05/2011,01/12/2009,0
780,QCH0110,Technician,Quinn Coby Hays,Rose Hanae Yates,01/02/2011,01/12/2009,0
781,QJR0688,ComputerProgrammer,Quyn Jolie Rosario,Aurora Tatiana Payne,01/05/2011,01/12/2009,0
782,QNF0205,Attorney,Quentin Nolan Fitzpatrick,Whoopi Britanney Camacho,01/05/2011,01/12/2009,0
783,QNP0216,ITAdmin,Quemby Nita Pollard,Frances Alisa Wiggins,01/05/2011,01/12/2009,0
784,QOS0878,Salesman,Quynn Odessa Sanford,Hashim Damon Dudley,01/04/2010,01/12/2009,0
785,QPM0727,Salesman,Quincy Preston Moses,Lysandra Chastity Brennan,01/05/2011,01/12/2009,0
786,QRM0739,Salesman,Quail Rana Mclean,Lysandra Chastity Brennan,01/05/2011,01/12/2009,0
787,QSV0778,Technician,Quintessa Shana Vance,Blaine Helen Cervantes,01/05/2011,01/12/2009,0
788,RAB0589,ProductionLineWorker,Raymond Arsenio Blackwell,Whilemina Pandora England,01/09/2010,01/12/2009,1
789,RAG0275,ElectricalEngineer,Rashad Aristotle Guerrero,Gage Kaden Odonnell,01/05/2011,01/12/2009,0
790,RAH0440,ElectricalEngineer,Rashad August Hatfield,Cameron Noel Elliott,01/05/2011,01/12/2009,0
791,RAM0447,ProductionLineWorker,Ramona Alma Moses,Armando Albert Walter,01/05/2011,01/12/2009,0
792,RAR0725,ProductionLineWorker,Raphael Aristotle Ray,Alan Benjamin Holder,01/08/2010,01/12/2009,1
793,RAS0432,TestEngineer,Robert Aristotle Stevenson,Cameron Noel Elliott,01/05/2011,01/12/2009,0
794,RAW0915,Scientist,Robert Ali Webb,Lillith Adena Matthews,01/05/2011,01/12/2009,0
795,RBB0485,Salesman,Raphael Benjamin Bryan,Bert Jason Henderson,01/05/2011,01/12/2009,0
796,RCC0617,Salesman,Rogan Chandler Coffey,Winter Veda Burks,01/05/2011,01/12/2009,0
797,RCP0785,Technician,Reed Chaim Perkins,Blaine Helen Cervantes,01/05/2011,01/12/2009,0
798,RDM0115,AdministrativeAssistant,Rina Denise Mcgee,Byron Tyrone Williamson,01/05/2011,01/12/2009,0
799,RDM0150,Accountant,Raven Deirdre Morrison,Cedric Herrod Gilliam,01/05/2011,01/12/2009,0
800,RDT0424,SystemsEngineer,Rosalyn Daphne Tillman,Hadassah Riley Baker,01/05/2011,01/12/2009,0
801,RFP0380,Mathematician,Reuben Fulton Pugh,Kim Dara Sullivan,01/05/2011,01/12/2009,0
802,RGG0064,SoftwareEngineer,Riley Ginger Guy,Todd Vance Spears,01/10/2010,01/12/2009,1
803,RGH0728,Salesman,Raymond Gray Hyde,Lysandra Chastity Brennan,01/01/2011,01/12/2009,0
804,RGN0408,SystemsEngineer,Rhona Germane Nelson,Hadassah Riley Baker,01/05/2011,01/12/2009,0
805,RHC0335,Technician,Roth Hu Conner,Garrett Nicholas Solomon,01/05/2011,01/12/2009,0
806,RHL0992,IndustrialEngineer,Rachel Hermione Le,Grant Tyrone Doyle,01/08/2010,01/12/2009,1
807,RHO0732,Salesman,Risa Hillary Obrien,Lysandra Chastity Brennan,01/05/2011,01/12/2009,0
808,RHP0484,Salesman,Randall Hashim Palmer,Bert Jason Henderson,01/05/2011,01/12/2009,0
809,RHY0079,ChiefEngineer,Rose Hanae Yates,Declan Lester Moss,01/05/2011,01/12/2009,0
810,RIH0777,Technician,Renee Ivana Hayden,Blaine Helen Cervantes,01/05/2011,01/12/2009,0
811,RJB0088,ElectricalEngineer,Roary Jane Barrett,Dylan Tiger Terry,01/05/2011,01/12/2009,0
812,RJM0381,Scientist,Rogan Judah Mcintyre,Kim Dara Sullivan,01/05/2011,01/12/2009,0
813,RKD0604,Salesman,Rebecca Kelsie Daugherty,Winter Veda Burks,01/07/2010,01/12/2009,1
814,RKF0164,Statistician,Ryan Kelly Frost,Dacey Jorden Bowen,01/03/2011,01/12/2009,0
815,RLB0719,ProductionLineWorker,Risa Laura Bolton,Alan Benjamin Holder,01/05/2011,01/12/2009,0
816,RLG0856,Salesman,Risa Lana Guthrie,Hashim Damon Dudley,01/05/2011,01/12/2009,0
817,RMS0266,MaterialsEngineer,Roth Mannix Simon,Ainsley MacKensie Doyle,01/05/2011,01/12/2009,0
818,RMW0542,Mathematician,Rae Melissa Wilson,Honorato Ivan Wall,01/07/2010,01/12/2009,1
819,RNF0765,Technician,Ria Neve Flores,Blaine Helen Cervantes,01/05/2011,01/12/2009,0
820,RNL0695,ComputerScientist,Reece Nicolas Lopez,Aurora Tatiana Payne,01/05/2011,01/12/2009,0
821,RNP0211,SecurityGuard,Rowan Neve Parks,Clinton Coby Wolfe,01/05/2011,01/12/2009,0
822,ROB0272,SystemsEngineer,Raymond Otto Bond,Gage Kaden Odonnell,01/05/2011,01/12/2009,0
823,RRA0938,SoftwareEngineer,Rogan Reuben Alexander,Caleb Mason Ball,01/05/2011,01/12/2009,0
824,RRC0553,Physicist,Raya Regan Church,Honorato Ivan Wall,01/02/2010,01/12/2009,0
825,RRP0568,ComputerScientist,Rhonda Rhona Parsons,Stephanie Briar Harrington,01/05/2011,01/12/2009,0
826,RSC0089,ElectricalEngineer,Robert Samuel Chen,Dylan Tiger Terry,01/05/2011,01/12/2009,0
827,RSM0277,SystemsEngineer,Roanna Sacha Monroe,Gage Kaden Odonnell,01/05/2011,01/12/2009,0
828,RTO0313,Salesman,Raymond Tate Osborne,Meredith Ainsley Wolf,01/05/2011,01/12/2009,0
829,RUM0880,Salesman,Roary Ursa Massey,Hashim Damon Dudley,01/05/2011,01/12/2009,0
830,RVC0232,Mathematician,Rama Vielka Clayton,Jackson Linus Wilkerson,01/05/2011,01/12/2009,0
831,RVF0201,AdministrativeAssistant,Reuben Victor Freeman,Whoopi Britanney Camacho,01/05/2011,01/12/2009,0
832,RYB0718,ProductionLineWorker,Ruth Yael Burris,Alan Benjamin Holder,01/05/2011,01/12/2009,0
833,RZC0746,Salesman,Robert Zeus Cox,Lysandra Chastity Brennan,01/05/2011,01/12/2009,0
834,SAA0999,ElectricalEngineer,Shelly Audra Ayala,Fritz Dale Ellison,01/05/2011,01/12/2009,0
835,SAB0781,Technician,Serina Ariana Butler,Blaine Helen Cervantes,01/05/2011,01/12/2009,0
836,SAC0592,ProductionLineWorker,Serina Amena Chavez,Whilemina Pandora England,01/05/2011,01/12/2009,0
837,SAC0687,ComputerScientist,Samantha Audrey Curtis,Aurora Tatiana Payne,01/05/2011,01/12/2009,0
838,SAH0599,ProductionLineWorker,Sylvia Ariana Head,Whilemina Pandora England,01/05/2011,01/12/2009,0
839,SAK0375,ITAdmin,Sonia Anne Kirkland,Francis Brian Armstrong,01/05/2011,01/12/2009,0
840,SAP0867,Salesman,Sawyer Arden Puckett,Hashim Damon Dudley,01/06/2010,01/12/2009,0
841,SAT0194,PurchasingClerk,Sawyer Abel Turner,August Armando Evans,01/05/2011,01/12/2009,0
842,SBD0913,AssemblySupervisor,Sandra Beverly Diaz,Delilah Iliana Wilkinson,01/05/2011,01/12/2009,0
843,SBH0537,Manager,Stephanie Briar Harrington,Todd Vance Spears,01/05/2011,01/12/2009,0
844,SBK0161,Director,Sharon Britanni Kerr,Hyatt Trevor Hayes,01/05/2011,01/12/2009,0
845,SBN0495,Salesman,Sonya Beatrice Nichols,Bert Jason Henderson,01/05/2011,01/12/2009,0
846,SBN0866,Salesman,Salvador Byron Norton,Hashim Damon Dudley,01/05/2011,01/12/2009,0
847,SBN0971,ProductionLineWorker,Selma Barbara Nicholson,Sandra Beverly Diaz,01/05/2011,01/12/2009,0
848,SBQ0786,LabManager,Sasha Britanney Quinn,Summer Leilani Boyer,01/05/2011,01/12/2009,0
849,SCB0534,Technician,Sophia Cora Battle,Burke Randall Burnett,01/05/2011,01/12/2009,0
850,SCF0608,Salesman,Shana Callie Ferguson,Winter Veda Burks,01/05/2011,01/12/2009,0
851,SCP0130,AssemblySupervisor,Shannon Chantale Price,Delilah Iliana Wilkinson,01/05/2011,01/12/2009,0
852,SDB0106,MechanicalEngineer,Stewart Dale Berger,Rose Hanae Yates,01/05/2011,01/12/2009,0
853,SDF0017,HumanResourceSpecialist,Skyler Deborah Frazier,Bethany Xerxes Johnson,01/05/2011,01/12/2009,0
854,SDO0170,Salesman,Samson Denton Oconnor,Meredith Ainsley Wolf,01/05/2011,01/12/2009,0
855,SED0886,Technician,Shelley Eleanor Dawson,Blythe Veda Cooke,01/05/2011,01/12/2009,0
856,SEJ0677,Mathematician,Samuel Eden James,Sarah Imelda Juarez,01/08/2010,01/12/2009,0
857,SER0165,AdministrativeAssistant,Stephanie Eliana Rasmussen,Donovan Carlos Chapman,01/05/2011,01/12/2009,0
858,SES0477,Salesman,Sebastian Elliott Sexton,Bert Jason Henderson,01/05/2011,01/12/2009,0
859,SGB0140,ProductionLineWorker,Scott Gary Burks,Shannon Chantale Price,01/05/2011,01/12/2009,0
860,SGG0787,Manager,Sara Gail George,Todd Vance Spears,01/05/2011,01/12/2009,0
861,SGM0021,AdministrativeAssistant,Sybill Grace Mckay,Blaze Trevor Stone,01/05/2011,01/12/2009,0
862,SGS0268,SystemsEngineer,Sylvester Guy Sanders,Gage Kaden Odonnell,01/05/2011,01/12/2009,0
863,SHR0334,Technician,Salvador Herman Raymond,Garrett Nicholas Solomon,01/05/2011,01/12/2009,0
864,SHW0578,ProductionLineWorker,Seth Harlan Walls,Whilemina Pandora England,01/05/2011,01/12/2009,0
865,SIJ0661,LabManager,Sarah Imelda Juarez,Summer Leilani Boyer,01/05/2011,01/12/2009,0
866,SJC0333,Technician,Sloane Jade Cochran,Garrett Nicholas Solomon,01/05/2011,01/12/2009,0
867,SJF0094,MaterialsEngineer,Shea Jane Franks,Ainsley MacKensie Doyle,01/05/2011,01/12/2009,0
868,SJO0209,SecurityGuard,Samson Jeremy Ortega,Clinton Coby Wolfe,01/05/2011,01/12/2009,0
869,SJW0451,ProductionLineWorker,Sharon Jemima Whitehead,Armando Albert Walter,01/05/2011,01/12/2009,0
870,SKG0759,Technician,Sonia Karly Goodwin,Blaine Helen Cervantes,01/05/2011,01/12/2009,0
871,SLB0049,Director,Summer Leilani Boyer,Kai Wynne Craft,01/05/2011,01/12/2009,0
872,SLP0762,Technician,Sydnee Leilani Parsons,Blaine Helen Cervantes,01/05/2011,01/12/2009,0
873,SLT0907,Technician,Shelby Lila Turner,Blythe Veda Cooke,01/08/2010,01/12/2009,0
874,SMB0804,Scientist,Sierra Margaret Barker,Sasha Britanney Quinn,01/05/2011,01/12/2009,0
875,SMH0291,ProductionLineWorker,Shaeleigh MacKenzie Harris,Shannon Chantale Price,01/05/2011,01/12/2009,0
876,SMW0084,MechanicalEngineer,Stephanie Mary Whitehead,Harper Price Harris,01/05/2011,01/12/2009,0
877,SMY0792,Mathematician,Savannah Marcia Yang,Sasha Britanney Quinn,01/05/2011,01/12/2009,0
878,SNC0187,Technician,Stuart Nicolas Cervantes,Garrett Nicholas Solomon,01/02/2011,01/12/2009,0
879,SNS0129,AdministrativeAssistant,Sage Nichole Savage,Delilah Iliana Wilkinson,01/05/2011,01/12/2009,0
880,SOB0360,ITAdmin,Sean Omar Burgess,Francis Brian Armstrong,01/10/2010,01/12/2009,0
881,SOB0586,ProductionLineWorker,Slade Orson Burch,Whilemina Pandora England,01/05/2011,01/12/2009,0
882,SOF0808,ComputerProgrammer,Steel Orson Fields,Sara Gail George,01/05/2011,01/12/2009,0
883,SOG0411,SystemsEngineer,Suki Ori Grant,Hadassah Riley Baker,01/05/2011,01/12/2009,0
884,SPA0141,AdministrativeAssistant,Scarlet Pearl Ashley,Kimberley Kiona Sosa,01/05/2011,01/12/2009,0
885,SRH0155,AdministrativeAssistant,Sasha Rina Huffman,Libby Rosalyn Richard,01/05/2011,01/12/2009,0
886,SRS0231,Scientist,Sandra Roary Solomon,Jackson Linus Wilkerson,01/05/2011,01/12/2009,0
887,SSG0250,MechanicalEngineer,Steel Solomon Garrison,Harper Price Harris,01/05/2011,01/12/2009,0
888,SSH0799,Scientist,Sonya Samantha Hahn,Sasha Britanney Quinn,01/05/2011,01/12/2009,0
889,SSJ0784,Technician,Sarah Susan Jarvis,Blaine Helen Cervantes,01/05/2011,01/12/2009,0
890,SSR0278,TestEngineer,Simone Scarlet Rose,Rose Hanae Yates,01/09/2010,01/12/2009,0
891,SSS0345,Technician,Sybill Sage Shaw,Garrett Nicholas Solomon,01/05/2011,01/12/2009,0
892,SVL0803,Mathematician,Stephanie Victoria Lyons,Sasha Britanney Quinn,01/05/2011,01/12/2009,0
893,SVL0940,SoftwareEngineer,September Vielka Livingston,Caleb Mason Ball,01/05/2011,01/12/2009,0
894,SVS0871,Salesman,Sylvia Velma Sweet,Hashim Damon Dudley,01/05/2011,01/12/2009,0
895,SXM0895,Technician,Sigourney Xandra Maddox,Blythe Veda Cooke,01/05/2011,01/12/2009,0
896,TAC0300,ProductionLineWorker,Timothy Arthur Carroll,Shannon Chantale Price,01/05/2011,01/12/2009,0
897,TAP0551,Physicist,Tara Alma Potts,Honorato Ivan Wall,01/10/2010,01/12/2009,1
898,TBT0461,ProductionLineWorker,Teagan Briar Townsend,Armando Albert Walter,01/05/2011,01/12/2009,0
899,TCD0009,AdministrativeAssistant,Tasha Casey Dalton,Halla Cathleen Simmons,01/05/2011,01/12/2009,0
900,TDG0962,ProductionLineWorker,Tyrone Damian Garner,Sandra Beverly Diaz,01/05/2011,01/12/2009,0
901,TDJ0998,MechanicalEngineer,Tobias Dakota Jacobs,Fritz Dale Ellison,01/05/2011,01/12/2009,0
902,TDS0984,ComputerTrainer,Tara Dai Stevenson,Walter Kaseem Foley,01/05/2011,01/12/2009,0
903,TEB0251,MechanicalEngineer,Theodore Eagan Bass,Harper Price Harris,01/05/2011,01/12/2009,0
904,TEM0093,MaterialsEngineer,Thaddeus Emery Martin,Ainsley MacKensie Doyle,01/11/2010,01/12/2009,0
905,TEM0977,HumanResourceSpecialist,Tara Echo Myers,Bethany Xerxes Johnson,01/05/2011,01/12/2009,0
906,TET0621,Salesman,Tyler Eden Talley,Winter Veda Burks,01/05/2011,01/12/2009,0
907,THD0448,ProductionLineWorker,Tad Harlan Duncan,Armando Albert Walter,01/05/2011,01/12/2009,0
908,THR0873,Salesman,Teagan Hedy Romero,Hashim Damon Dudley,01/05/2011,01/12/2009,0
909,TIW0299,ProductionLineWorker,Talon Ian Ware,Shannon Chantale Price,01/05/2011,01/12/2009,0
910,TJB0302,ProductionLineWorker,Teegan Jillian Burris,Shannon Chantale Price,01/05/2011,01/12/2009,0
911,TJD0996,ElectricalEngineer,Thor Jameson Diaz,Fritz Dale Ellison,01/05/2011,01/12/2009,0
912,TJG0582,ProductionLineWorker,Timon Jacob Gay,Whilemina Pandora England,01/05/2011,01/12/2009,0
913,TLH0648,Technician,Tarik Linus Hubbard,Hedwig Regina Livingston,01/05/2011,01/12/2009,0
914,TLK0993,IndustrialEngineer,Tallulah Liberty Kirby,Grant Tyrone Doyle,01/05/2011,01/12/2009,0
915,TLM0797,Mathematician,Tobias Lucas Morin,Sasha Britanney Quinn,01/05/2011,01/12/2009,0
916,TMA0069,SoftwareEngineer,Tobias Martin Ashley,Vance Ira Alston,01/05/2011,01/12/2009,0
917,TNM0961,ProductionLineWorker,Troy Nicolas Molina,Sandra Beverly Diaz,01/11/2010,01/12/2009,1
918,TOR0193,AdministrativeAssistant,Tarik Odysseus Rivera,August Armando Evans,01/05/2011,01/12/2009,0
919,TPH0474,ProductionLineWorker,Tad Patrick Hardin,Armando Albert Walter,01/05/2011,01/12/2009,0
920,TQS0212,SecurityGuard,Tasha Quail Sanchez,Clinton Coby Wolfe,01/05/2011,01/12/2009,0
921,TRK0914,Mathematician,Teagan Raven Kennedy,Lillith Adena Matthews,01/05/2011,01/12/2009,0
922,TSB0437,Technician,Tamara Shaeleigh Best,Cameron Noel Elliott,01/05/2011,01/12/2009,0
923,TSG0906,Technician,Thomas Shad Guthrie,Blythe Veda Cooke,01/05/2011,01/12/2009,0
924,TSM0363,ITAdmin,TaShya Savannah Mcgowan,Francis Brian Armstrong,01/05/2011,01/12/2009,0
925,TSM0927,Scientist,Tana Sonya Moody,Lillith Adena Matthews,01/05/2011,01/12/2009,0
926,TSR0676,Scientist,Todd Scott Roth,Sarah Imelda Juarez,01/05/2011,01/12/2009,0
927,TTD1000,MechanicalEngineer,Tiger Tucker Dawson,Fritz Dale Ellison,01/05/2011,01/12/2009,0
928,TUC0632,Technician,Troy Uriah Conway,Hedwig Regina Livingston,01/05/2011,01/12/2009,0
929,TVS0006,VicePresident,Thomas Vladimir Stokes,Mona Susan Shannon,01/05/2011,01/12/2009,0
930,TVS0050,Director,Todd Vance Spears,Kai Wynne Craft,01/05/2011,01/12/2009,0
931,TYB0779,Technician,TaShya Yoko Bailey,Blaine Helen Cervantes,01/05/2011,01/12/2009,0
932,UAD0771,Technician,Uriel Axel Diaz,Blaine Helen Cervantes,01/05/2011,01/12/2009,0
933,UBF0645,Technician,Ursa Britanney Frederick,Hedwig Regina Livingston,01/05/2011,01/12/2009,0
934,UCH0519,Technician,Ulric Colt Holt,Burke Randall Burnett,01/01/2011,01/12/2009,0
935,UCS0227,Mathematician,Uriel Charles Solomon,Jackson Linus Wilkerson,01/05/2011,01/12/2009,0
936,UFK0208,SecurityGuard,Ulric Ferdinand Knapp,Clinton Coby Wolfe,01/05/2011,01/12/2009,0
937,UIR0043,ITAdmin,Ursula Idona Richard,Frances Alisa Wiggins,01/05/2011,01/12/2009,0
938,UJC0737,Salesman,Urielle Jane Carter,Lysandra Chastity Brennan,01/05/2011,01/12/2009,0
939,USH0199,Statistician,Upton Sebastian Holt,Eugenia Whilemina Harrington,01/05/2011,01/12/2009,0
940,VAA0087,ElectricalEngineer,Vincent Avram Aguirre,Dylan Tiger Terry,01/05/2011,01/12/2009,0
941,VCC0396,SoftwareEngineer,Vincent Craig Cunningham,Jocelyn Bree Mccray,01/05/2011,01/12/2009,0
942,VCY0751,Salesman,Vincent Calvin Young,Lysandra Chastity Brennan,01/05/2011,01/12/2009,0
943,VEB0935,ComputerScientist,Valentine Elton Britt,Caleb Mason Ball,01/05/2011,01/12/2009,0
944,VFM0814,ComputerProgrammer,Vernon Finn Mcgee,Sara Gail George,01/11/2010,01/12/2009,0
945,VIA0063,Manager,Vance Ira Alston,Todd Vance Spears,01/05/2011,01/12/2009,0
946,VLB0647,Technician,Valentine Lucian Benjamin,Hedwig Regina Livingston,01/05/2011,01/12/2009,0
947,VMJ0147,Manager,Vera Mollie Jenkins,Thomas Vladimir Stokes,01/05/2011,01/12/2009,0
948,VMJ0546,Physicist,Veda Martina Jacobson,Honorato Ivan Wall,01/05/2011,01/12/2009,0
949,VSA0230,Mathematician,Vivian Sarah Arnold,Jackson Linus Wilkerson,01/02/2011,01/12/2009,0
950,VSS0154,AdministrativeStaff,Vernon Samuel Sawyer,Vera Mollie Jenkins,01/10/2010,01/12/2009,1
951,VTT0385,Scientist,Vladimir Thomas Todd,Kim Dara Sullivan,01/05/2011,01/12/2009,0
952,WAB0143,Statistician,William Aladdin Bennett,Kimberley Kiona Sosa,01/12/2010,01/12/2009,0
953,WAS0254,ElectricalEngineer,William Aristotle Sampson,Dylan Tiger Terry,01/05/2011,01/12/2009,0
954,WBC0192,Manager,Whoopi Britanney Camacho,Kirby Bo Pollard,01/05/2011,01/12/2009,0
955,WBC0315,Salesman,William Beau Callahan,Meredith Ainsley Wolf,01/05/2011,01/12/2009,0
956,WDD0366,ITAdmin,Wesley Dustin Dickerson,Francis Brian Armstrong,01/02/2011,01/12/2009,1
957,WDO0870,Salesman,William Damian Oconnor,Hashim Damon Dudley,01/05/2011,01/12/2009,0
958,WDV0573,ProductionLineWorker,Wang Dean Vasquez,Whilemina Pandora England,01/05/2011,01/12/2009,0
959,WGR0833,ProductionLineWorker,William Graham Rowe,Amy Lucy Chen,01/05/2011,01/12/2009,0
960,WGS0516,Technician,Willa Giselle Stanton,Burke Randall Burnett,01/05/2011,01/12/2009,0
961,WIF0691,ComputerScientist,Wade Ira Frazier,Aurora Tatiana Payne,01/05/2011,01/12/2009,0
962,WIQ0567,ComputerProgrammer,Willow Iliana Quinn,Stephanie Briar Harrington,01/05/2011,01/12/2009,0
963,WJD0576,ProductionLineWorker,Willow Jaime Daniel,Whilemina Pandora England,01/05/2011,01/12/2009,0
964,WKD0013,Director,Wesley Kasper Duffy,Halla Cathleen Simmons,01/05/2011,01/12/2009,0
965,WKF0012,Director,Walter Kaseem Foley,Halla Cathleen Simmons,01/05/2011,01/12/2009,0
966,WLV0566,SoftwareEngineer,Whilemina Liberty Velez,Stephanie Briar Harrington,01/05/2011,01/12/2009,0
967,WNB0908,Technician,Wing Noah Bonner,Blythe Veda Cooke,01/05/2011,01/12/2009,0
968,WPE0538,AssemblySupervisor,Whilemina Pandora England,Delilah Iliana Wilkinson,01/05/2011,01/12/2009,0
969,WPR0368,ITAdmin,William Price Robles,Francis Brian Armstrong,01/05/2011,01/12/2009,0
970,WRM0963,ProductionLineWorker,Wynter Rose Mercer,Sandra Beverly Diaz,01/08/2010,01/12/2009,0
971,WSR0241,ComputerProgrammer,Wanda Samantha Rogers,Vance Ira Alston,01/05/2011,01/12/2009,0
972,WTF0387,Mathematician,William Trevor Fuentes,Kim Dara Sullivan,01/05/2011,01/12/2009,0
973,WTR0563,ComputerProgrammer,William Theodore Reeves,Stephanie Briar Harrington,01/05/2011,01/12/2009,0
974,WVB0539,Manager,Winter Veda Burks,Donovan Carlos Chapman,01/05/2011,01/12/2009,0
975,WXH0872,Salesman,Wynne Xyla Hartman,Hashim Damon Dudley,01/05/2011,01/12/2009,0
976,XAA0104,HardwareEngineer,Xander Aaron Acevedo,Gage Kaden Odonnell,01/05/2011,01/12/2009,0
977,XBN0229,Scientist,Xandra Briar Nielsen,Jackson Linus Wilkerson,01/05/2011,01/12/2009,0
978,XHG0902,Technician,Xenos Hayden Gallegos,Blythe Veda Cooke,01/05/2011,01/12/2009,0
979,XHW0498,Salesman,Xerxes Howard Wilcox,Bert Jason Henderson,01/09/2010,01/12/2009,1
980,XLB0710,ProductionLineWorker,Xanthus Louis Buck,Alan Benjamin Holder,01/05/2011,01/12/2009,0
981,XRS0633,Technician,Xenos Rudyard Small,Hedwig Regina Livingston,01/05/2011,01/12/2009,0
982,XWD0923,Mathematician,Xander Walter Doyle,Lillith Adena Matthews,01/11/2010,01/12/2009,0
983,YCE0983,ManagementTrainer,Yardley Cairo Elliott,Walter Kaseem Foley,01/05/2011,01/12/2009,0
984,YDN0198,AdministrativeAssistant,Yasir Dexter Nelson,Eugenia Whilemina Harrington,01/05/2011,01/12/2009,0
985,YEV0793,Scientist,Yardley Ezra Vang,Sasha Britanney Quinn,01/05/2011,01/12/2009,0
986,YIC0195,PurchasingClerk,Yolanda Idona Crosby,August Armando Evans,01/01/2011,01/12/2009,0
987,YJF0532,Technician,Yoshio Joseph Farmer,Burke Randall Burnett,01/05/2011,01/12/2009,0
988,YJV0699,ProductionLineWorker,Yvette Jeanette Vang,Alan Benjamin Holder,01/05/2011,01/12/2009,0
989,YWW0660,Technician,Yasir Wade Wilcox,Hedwig Regina Livingston,01/12/2010,01/12/2009,0
990,ZCF0590,ProductionLineWorker,Zane Cadman Fields,Whilemina Pandora England,01/05/2011,01/12/2009,0
991,ZDW0859,Salesman,Zeph Dakota Wilkerson,Hashim Damon Dudley,01/05/2011,01/12/2009,0
992,ZFM0468,ProductionLineWorker,Zenia Freya Macias,Armando Albert Walter,01/05/2011,01/12/2009,0
993,ZJE0857,Salesman,Zenaida Justine England,Hashim Damon Dudley,01/05/2011,01/12/2009,0
994,ZJS0269,HardwareEngineer,Zorita Jaime Spears,Gage Kaden Odonnell,01/05/2011,01/12/2009,0
995,ZKS0899,Technician,Zenia Kiona Stevenson,Blythe Veda Cooke,01/05/2011,01/12/2009,0
996,ZMC0284,MechanicalEngineer,Zachary Myles Cardenas,Rose Hanae Yates,01/05/2011,01/12/2009,0
997,ZSB0649,Technician,Zia Shelley Blankenship,Hedwig Regina Livingston,01/05/2011,01/12/2009,0
998,ZSK0258,ElectricalEngineer,Zachery Samson Kerr,Dylan Tiger Terry,01/05/2011,01/12/2009,0
999,ZSL0305,ProductionLineWorker,Zena Sigourney Langley,Shannon Chantale Price,01/05/2011,01/12/2009,0
